x, y, z, s 
22.2925797, 8.53417587, 14.0644894, 0.0 
22.2712212, 8.51528072, 14.0333614, 0.042215161 
22.2496529, 8.49629784, 14.00282, 0.0841489509 
22.2278728, 8.47722435, 13.972827, 0.125834405 
22.2058926, 8.45806313, 13.9433842, 0.167273134 
22.1837101, 8.43881226, 13.9144897, 0.208474725 
22.161335, 8.41947365, 13.8861332, 0.249447584 
22.1387672, 8.40004444, 13.8582888, 0.290215492 
22.1160145, 8.3805275, 13.8309689, 0.330773979 
22.0930786, 8.36091995, 13.8041506, 0.371144056 
22.0699654, 8.34122372, 13.7778196, 0.411337227 
22.0466766, 8.32143974, 13.7519779, 0.451356977 
22.0232201, 8.30156517, 13.7266111, 0.491214097 
21.9995995, 8.28160095, 13.7017088, 0.530921996 
21.9758148, 8.26154804, 13.6772585, 0.570490062 
21.9518757, 8.24140549, 13.6532593, 0.609920621 
21.927784, 8.22117329, 13.6296997, 0.649224043 
21.9035454, 8.20085144, 13.6065674, 0.688411534 
21.8791599, 8.18043995, 13.5838499, 0.72749275 
21.8546371, 8.15993977, 13.5615358, 0.766474068 
21.8299789, 8.13934898, 13.5396242, 0.80535984 
21.8051891, 8.11866951, 13.5181026, 0.84415853 
21.7802734, 8.09789848, 13.4969606, 0.882878423 
21.7552338, 8.07703876, 13.4761963, 0.921521485 
21.7300777, 8.0560894, 13.4557858, 0.960099101 
21.7048073, 8.03504944, 13.4357176, 0.998623013 
21.6794262, 8.01391888, 13.4160032, 1.03708446 
21.6539421, 7.99269867, 13.3966064, 1.07550383 
21.628355, 7.97138977, 13.3775387, 1.11387408 
21.6026726, 7.94998932, 13.3587894, 1.15220404 
21.5768948, 7.92849874, 13.340332, 1.19050467 
21.5510311, 7.90691853, 13.3221798, 1.22876859 
21.5250835, 7.88524771, 13.3042965, 1.26701391 
21.4990559, 7.86348581, 13.2867069, 1.30523026 
21.4729519, 7.84163523, 13.2693605, 1.34343648 
21.4467793, 7.81969166, 13.2522831, 1.38162303 
21.420536, 7.79766083, 13.2354488, 1.41979849 
21.3942318, 7.77553558, 13.2188473, 1.45797002 
21.3678703, 7.75332355, 13.202466, 1.49613726 
21.3414536, 7.73101807, 13.1863041, 1.534302 
21.3149872, 7.70862293, 13.1703491, 1.57246697 
21.2884769, 7.6861372, 13.1546021, 1.61062944 
21.2619228, 7.66356039, 13.1390257, 1.64880562 
21.2353325, 7.64089203, 13.1236448, 1.68698239 
21.2087097, 7.61813354, 13.1084232, 1.7251724 
21.1820583, 7.59528351, 13.093359, 1.76337337 
21.1553841, 7.57234335, 13.0784426, 1.80158675 
21.1286888, 7.54931164, 13.0636721, 1.83981323 
21.1019783, 7.52618885, 13.0490236, 1.87805974 
21.0752563, 7.50297546, 13.0345097, 1.91631603 
21.0485268, 7.47966909, 13.020093, 1.95459723 
21.0216312, 7.45580578, 13.0051632, 1.99353004 
20.995121, 7.43222332, 12.9907837, 2.03181505 
20.968502, 7.40865946, 12.9762087, 2.07023621 
20.9418716, 7.38505411, 12.9617062, 2.10866451 
20.9154072, 7.36159658, 12.9474125, 2.14680839 
20.8885632, 7.33760548, 12.9327393, 2.18568563 
20.8619099, 7.31370544, 12.9182491, 2.22430682 
20.8352013, 7.28960896, 12.9036617, 2.26312447 
20.8086815, 7.26551533, 12.8892698, 2.30173707 
20.782095, 7.24111176, 12.8747311, 2.34064317 
20.7556133, 7.21654987, 12.8602047, 2.37957358 
20.7293034, 7.19190979, 12.8458252, 2.41838288 
20.7032261, 7.16734457, 12.8314209, 2.45699573 
20.6771259, 7.14256573, 12.8171263, 2.49571943 
20.6510658, 7.11763477, 12.8026247, 2.53459144 
20.6254311, 7.09289265, 12.7885132, 2.57291079 
20.5994606, 7.06761932, 12.773901, 2.61198473 
20.5739288, 7.04253864, 12.7595339, 2.65055037 
20.5481987, 7.01713276, 12.744812, 2.68959212 
20.5225239, 6.99169636, 12.730176, 2.72858453 
20.4969082, 6.96610546, 12.715332, 2.76771688 
20.4714584, 6.94039774, 12.7005863, 2.80678153 
20.4461517, 6.91456604, 12.6857548, 2.84586716 
20.4206886, 6.88838196, 12.670557, 2.885427 
20.3954697, 6.86211109, 12.6552734, 2.92492008 
20.3703766, 6.83578348, 12.6398926, 2.96440887 
20.3455009, 6.8094697, 12.6246948, 3.00367904 
20.3206387, 6.78295612, 12.6090946, 3.04323292 
20.2958298, 6.75649548, 12.5933838, 3.08276105 
20.2713871, 6.73022747, 12.5779905, 3.12180471 
20.2468681, 6.70375824, 12.56217, 3.16120172 
20.2225304, 6.67724752, 12.5462036, 3.20057178 
20.1984463, 6.65079355, 12.5300779, 3.23981357 
20.1746445, 6.62449932, 12.5142088, 3.27866888 
20.1509151, 6.59818268, 12.4981441, 3.31757545 
20.1273232, 6.57188892, 12.4819946, 3.35641909 
20.1035633, 6.54535198, 12.4652958, 3.39575815 
20.080143, 6.51885509, 12.4484863, 3.43491364 
20.0571861, 6.49250507, 12.4317141, 3.47367716 
20.034008, 6.46587992, 12.4142208, 3.51307368 
20.0107689, 6.43938732, 12.396594, 3.55247688 
19.9872856, 6.41265392, 12.3783569, 3.59246206 
19.9638386, 6.38607502, 12.359827, 3.63245702 
19.9407616, 6.35987377, 12.3412724, 3.67199588 
19.9174862, 6.33344269, 12.3220825, 3.71210241 
19.8947506, 6.30744457, 12.3030148, 3.7515533 
19.8721123, 6.28157663, 12.2836056, 3.79102945 
19.8495922, 6.25584269, 12.2639771, 3.83045912 
19.8270187, 6.23009491, 12.2438107, 3.87019801 
19.8045044, 6.2045393, 12.2232418, 3.90998578 
19.7819843, 6.17895365, 12.2020874, 3.95010233 
19.7595024, 6.15362549, 12.1805058, 3.99026155 
19.7372227, 6.12861633, 12.1585941, 4.03028584 
19.715023, 6.10368824, 12.1363888, 4.07037592 
19.6929531, 6.07879353, 12.1141968, 4.11036777 
19.6709518, 6.0539217, 12.0920162, 4.1503005 
19.6487617, 6.02875042, 12.0695677, 4.19067335 
19.6270351, 6.00407696, 12.0471678, 4.23045444 
19.6049976, 5.97937012, 12.0245609, 4.27054501 
19.582756, 5.95483685, 12.0017576, 4.31075048 
19.5608139, 5.93063831, 11.9789305, 4.35060215 
19.5389194, 5.90655994, 11.9562626, 4.39026308 
19.5170479, 5.88255167, 11.9336061, 4.42986107 
19.4955826, 5.85906696, 11.9112549, 4.46874428 
19.4739113, 5.83544302, 11.8886356, 4.50797939 
19.4527245, 5.81237507, 11.8662233, 4.54649353 
19.4313354, 5.78911877, 11.84375, 4.58526659 
19.4100151, 5.76596832, 11.8213863, 4.62387562 
19.3888588, 5.74301147, 11.7991333, 4.66221333 
19.3676529, 5.72004557, 11.7771606, 4.70042181 
19.3465462, 5.69708538, 11.7553225, 4.7384944 
19.3257637, 5.67434216, 11.7336426, 4.77616739 
19.3050823, 5.65156698, 11.7120972, 4.81372547 
19.2843819, 5.62874126, 11.6903934, 4.85141659 
19.263607, 5.60585499, 11.6687136, 4.88917065 
19.2429485, 5.58299112, 11.6470337, 4.92684698 
19.222393, 5.56019449, 11.6252079, 4.96451092 
19.2019577, 5.53742361, 11.6033812, 5.00209475 
19.1816864, 5.51475382, 11.5815678, 5.03952074 
19.161211, 5.49178028, 11.5593014, 5.07750463 
19.140873, 5.46885824, 11.5370359, 5.11538363 
19.1205826, 5.44594097, 11.5147581, 5.15324068 
19.1001968, 5.42288494, 11.4923096, 5.19133377 
19.0798912, 5.39987326, 11.4696903, 5.22945881 
19.0598869, 5.37712097, 11.447217, 5.26718044 
19.0399132, 5.35443258, 11.4247189, 5.30486012 
19.0198917, 5.33172131, 11.402051, 5.34268284 
18.9998722, 5.30904102, 11.3791866, 5.38060331 
18.9800415, 5.28664255, 11.3564329, 5.41818905 
18.9601555, 5.26434183, 11.3336306, 5.45577574 
18.9404297, 5.24230051, 11.3108158, 5.49313116 
18.9207535, 5.22031879, 11.2879763, 5.53044033 
18.9009056, 5.19820118, 11.264966, 5.56802559 
18.8810368, 5.17609882, 11.2419186, 5.60563421 
18.8611336, 5.15406942, 11.218689, 5.64333105 
18.8412533, 5.13207865, 11.1954222, 5.68101597 
18.8214073, 5.11015797, 11.1719723, 5.71875477 
18.8015194, 5.08827686, 11.1486206, 5.75643301 
18.7815857, 5.06643534, 11.1252079, 5.79415035 
18.7614803, 5.04442453, 11.1014156, 5.83229113 
18.7415695, 5.02268982, 11.0777102, 5.87011719 
18.721508, 5.00074768, 11.0537844, 5.90827894 
18.7014675, 4.97874308, 11.0296383, 5.94660473 
18.6814308, 4.95677662, 11.0055542, 5.98486757 
18.6614838, 4.93496561, 10.9815063, 6.02297163 
18.6415558, 4.91310263, 10.9573364, 6.06117249 
18.6220684, 4.89181232, 10.9334841, 6.09861517 
18.60252, 4.87045765, 10.9091921, 6.13640833 
18.5831432, 4.84924936, 10.8847904, 6.17409992 
18.5637016, 4.82801199, 10.8601437, 6.21200037 
18.5443039, 4.80683756, 10.8350954, 6.25010586 
18.5250244, 4.78575611, 10.8100948, 6.28806829 
18.5059032, 4.76481628, 10.7849979, 6.32593632 
18.486866, 4.7439146, 10.7597656, 6.36382961 
18.4678764, 4.72296286, 10.7341185, 6.40200567 
18.4491196, 4.70198202, 10.7083492, 6.44016361 
18.4303894, 4.68086863, 10.6821537, 6.47867107 
18.4122448, 4.6601944, 10.6561527, 6.51652241 
18.3942566, 4.63954306, 10.6299076, 6.5544548 
18.3766594, 4.619174, 10.6037111, 6.59201574 
18.35919, 4.5987978, 10.5772705, 6.62969112 
18.3419704, 4.57865429, 10.5509157, 6.66706562 
18.3248177, 4.55860901, 10.5243406, 6.7045126 
18.3076801, 4.53865814, 10.4975586, 6.74204922 
18.2907295, 4.51892853, 10.4707279, 6.77941799 
18.2739353, 4.49940014, 10.4438963, 6.81661129 
18.2567654, 4.47955322, 10.4164677, 6.8545723 
18.2396469, 4.45975494, 10.3889036, 6.89258289 
18.2229042, 4.44038391, 10.3616695, 6.92996311 
18.2060986, 4.42102671, 10.3343258, 6.96744299 
18.189394, 4.40189362, 10.3067141, 7.00496054 
18.172739, 4.38290882, 10.2791624, 7.04233551 
18.1560478, 4.36403656, 10.2515135, 7.07974148 
18.1393242, 4.34525585, 10.223938, 7.11706161 
18.1221771, 4.32610178, 10.1956787, 7.15526438 
18.1050072, 4.30704212, 10.1673584, 7.19347525 
18.0874519, 4.28764963, 10.1385136, 7.23241568 
18.0700893, 4.26856518, 10.1099367, 7.27091599 
18.0525589, 4.24963236, 10.0813112, 7.30945444 
18.0344753, 4.23046589, 10.0522213, 7.34870434 
18.0165939, 4.21173573, 10.023572, 7.3873229 
17.9986763, 4.19294119, 9.9946413, 7.42619801 
17.9810638, 4.17456675, 9.96618652, 7.46437454 
17.9632683, 4.15603352, 9.93760967, 7.5028038 
17.9452801, 4.13737202, 9.90893555, 7.54145575 
17.9274483, 4.11890888, 9.88045692, 7.57979584 
17.9095135, 4.10041046, 9.85191631, 7.61824512 
17.8915615, 4.08191967, 9.82330322, 7.65675354 
17.8735771, 4.06341267, 9.7946167, 7.6953392 
17.8552818, 4.04469442, 9.76588154, 7.73420811 
17.8369312, 4.02595663, 9.73710918, 7.77313995 
17.8187828, 4.00752735, 9.70875263, 7.81152105 
17.8004456, 3.98902583, 9.68037128, 7.8500452 
17.7819557, 3.97049093, 9.6521244, 7.88855886 
17.7634602, 3.95209956, 9.62415791, 7.92680073 
17.744875, 3.93363047, 9.59619141, 7.96512318 
17.7258511, 3.91476297, 9.56791973, 8.00407314 
17.7069225, 3.89617157, 9.5401125, 8.04250813 
17.6875229, 3.87710571, 9.51203632, 8.08159924 
17.6682625, 3.85826874, 9.48446083, 8.12015152 
17.6489296, 3.83944845, 9.45723915, 8.15847874 
17.6296482, 3.82086182, 9.43038368, 8.19640541 
17.6102886, 3.80214691, 9.40373516, 8.23428822 
17.5905342, 3.78289485, 9.37698936, 8.27270889 
17.5707169, 3.76351023, 9.35030556, 8.31118774 
17.5509892, 3.74424744, 9.32410908, 8.34922028 
17.5311489, 3.72481084, 9.2981081, 8.38726616 
17.5114384, 3.70553279, 9.27274132, 8.4247303 
17.4915123, 3.6860137, 9.24741173, 8.46240902 
17.4713383, 3.6661849, 9.22213173, 8.50034714 
17.4511986, 3.64619446, 9.19716835, 8.53814125 
17.4310265, 3.62595987, 9.17237568, 8.57597065 
17.4103489, 3.60522151, 9.14730263, 8.61452293 
17.3895378, 3.5843246, 9.12237549, 8.65313816 
17.3687515, 3.56343699, 9.09791279, 8.69143677 
17.3477039, 3.54226375, 9.07343769, 8.7300415 
17.3265133, 3.52094412, 9.0491209, 8.76870441 
17.3053989, 3.49966431, 9.02524376, 8.80702877 
17.2841282, 3.47817373, 9.00147724, 8.84548855 
17.262661, 3.45648956, 8.97796631, 8.88400841 
17.2413521, 3.43494415, 8.95498085, 8.92204189 
17.2196693, 3.41301584, 8.93179893, 8.96062183 
17.1978073, 3.39092565, 8.9087162, 8.99933624 
17.1760387, 3.36896515, 8.88613319, 9.03762627 
17.1540146, 3.34678197, 8.86362267, 9.07614708 
17.131897, 3.3245728, 8.8412962, 9.11462975 
17.1095753, 3.30221558, 8.81912804, 9.15322399 
17.0871277, 3.27977896, 8.79711914, 9.19184685 
17.0642052, 3.25695038, 8.77478027, 9.23116016 
17.0411968, 3.23421335, 8.75274658, 9.27029896 
17.0178299, 3.21119237, 8.7302494, 9.31007481 
16.9945774, 3.188272, 8.70817852, 9.34948444 
16.9710293, 3.16515207, 8.68581581, 9.38934803 
16.9475899, 3.14210367, 8.66370869, 9.42896271 
16.9240818, 3.11901093, 8.64156532, 9.46866512 
16.9007511, 3.0960815, 8.61993408, 9.50788212 
16.8773994, 3.07302403, 8.5980587, 9.54732132 
16.8542957, 3.0500474, 8.57637978, 9.58645821 
16.8313313, 3.02697754, 8.55456543, 9.62564278 
16.8085003, 3.00383759, 8.53243446, 9.66496849 
16.7857933, 2.98083186, 8.51030254, 9.70414352 
16.7631359, 2.9577713, 8.48800087, 9.74341774 
16.740797, 2.93498993, 8.46580791, 9.78228378 
16.7186317, 2.91237497, 8.44356728, 9.82098103 
16.6966267, 2.8897872, 8.42095947, 9.85978127 
16.6748734, 2.86720276, 8.39808369, 9.89859581 
16.6534004, 2.84467769, 8.37491417, 9.9373951 
16.6321144, 2.82210088, 8.35141563, 9.97631741 
16.6110363, 2.79959869, 8.32772255, 10.0152016 
16.5902519, 2.77729487, 8.30383301, 10.0539331 
16.5697842, 2.75519252, 8.27974892, 10.0925007 
16.5496883, 2.73336649, 8.2557497, 10.130661 
16.5293465, 2.7114501, 8.23081017, 10.1695986 
16.5091286, 2.68960571, 8.20551777, 10.2086582 
16.4887447, 2.66773677, 8.17956543, 10.2482471 
16.4687195, 2.64611506, 8.15356445, 10.2875481 
16.4487362, 2.62466431, 8.12734413, 10.3268795 
16.428772, 2.6034286, 8.10075665, 10.3663311 
16.4088287, 2.5823226, 8.07393837, 10.405859 
16.3887291, 2.56130838, 8.04660606, 10.4457664 
16.3686676, 2.54045248, 8.01888466, 10.4858418 
16.3484116, 2.51970053, 7.99078369, 10.5262222 
16.3281898, 2.49924922, 7.96230459, 10.5666971 
16.3078327, 2.47890782, 7.93331289, 10.6075468 
16.2874947, 2.45876455, 7.90410137, 10.6484461 
16.2671928, 2.43896627, 7.87465811, 10.6893244 
16.2467346, 2.4192977, 7.84487295, 10.730464 
16.2266235, 2.40023661, 7.81534433, 10.7709579 
16.2062645, 2.38134003, 7.78532696, 10.8118544 
16.1858406, 2.36266947, 7.75499249, 10.8529148 
16.1654358, 2.34429479, 7.72446299, 10.8939762 
16.1448784, 2.32608485, 7.69372559, 10.9351959 
16.1241264, 2.30812073, 7.66252422, 10.9767513 
16.1034145, 2.29027414, 7.63114023, 11.0183735 
16.0827179, 2.27255869, 7.59943867, 11.060173 
16.0622368, 2.25538015, 7.5677247, 11.1016493 
16.0416145, 2.23829651, 7.5355835, 11.1434851 
16.0211697, 2.22169805, 7.50350332, 11.184989 
16.0007229, 2.20531321, 7.4713378, 11.2264767 
15.9802456, 2.18912053, 7.43907452, 11.2679787 
15.9600649, 2.17353058, 7.40701914, 11.3089409 
15.9398594, 2.1581986, 7.37474346, 11.3499899 
15.9195127, 2.14312601, 7.34239483, 11.3910704 
15.8991117, 2.12825155, 7.30985117, 11.4322605 
15.8783112, 2.11366892, 7.27680683, 11.4739399 
15.8576756, 2.0994308, 7.24377441, 11.5154095 
15.8368196, 2.08551168, 7.21059561, 11.5569973 
15.8160095, 2.07189178, 7.17745352, 11.5984325 
15.7946196, 2.05842137, 7.1439209, 11.6404257 
15.7732115, 2.04512787, 7.11049795, 11.6822834 
15.7521763, 2.03236246, 7.07733154, 11.7235813 
15.7309265, 2.0197525, 7.04403067, 11.7650471 
15.7092867, 2.00734568, 7.0105958, 11.8067617 
15.6876678, 1.99519348, 6.97735596, 11.8482342 
15.6655941, 1.98319399, 6.94387197, 11.8900957 
15.6436062, 1.97154999, 6.91047382, 11.9317427 
15.6212034, 1.9600662, 6.87702656, 11.9736052 
15.5990601, 1.94910586, 6.84404278, 12.0148163 
15.5763397, 1.93825531, 6.81077862, 12.0565357 
15.5539732, 1.92803955, 6.77818584, 12.0973635 
15.5315704, 1.91808474, 6.74569082, 12.1380682 
15.5090303, 1.90836024, 6.71345234, 12.1785898 
15.4865084, 1.89877164, 6.68116474, 12.2191067 
15.4639711, 1.88932955, 6.64899921, 12.2595015 
15.4412479, 1.88039553, 6.61715078, 12.2996321 
15.4185276, 1.87158656, 6.58549786, 12.3395786 
15.3954468, 1.86288762, 6.55389404, 12.3796682 
15.3722715, 1.85433042, 6.5223875, 12.4197054 
15.3489227, 1.84589386, 6.4909668, 12.4597502 
15.325613, 1.83765721, 6.45979023, 12.4995394 
15.3023987, 1.82971954, 6.42905283, 12.538867 
15.2790318, 1.82201076, 6.39846182, 12.578126 
15.2549229, 1.81446528, 6.36788321, 12.6177893 
15.230978, 1.807428, 6.33809805, 12.6566486 
15.2069521, 1.8005569, 6.30853271, 12.6953602 
15.1828184, 1.79381716, 6.27933359, 12.7338362 
15.1587954, 1.78748631, 6.25053692, 12.7718678 
15.1341915, 1.78126371, 6.22199726, 12.8100605 
15.1094484, 1.77523041, 6.19372559, 12.8481121 
15.0845642, 1.76938319, 6.16588116, 12.88591 
15.059207, 1.76359248, 6.13815928, 12.9239244 
15.0337191, 1.75785983, 6.11057138, 12.9619188 
15.0083103, 1.75241697, 6.08356953, 12.9993925 
14.9822359, 1.74701381, 6.05661631, 13.037282 
14.9560823, 1.74162447, 6.02984619, 13.0750933 
14.9297667, 1.73631597, 6.00343037, 13.1127567 
14.9033356, 1.73106384, 5.97735596, 13.1502533 
14.8767672, 1.72582853, 5.95147705, 13.1877108 
14.8500309, 1.72056425, 5.92579365, 13.2251568 
14.8232574, 1.71555781, 5.90075684, 13.2621536 
14.7964878, 1.71044004, 5.87593985, 13.2990141 
14.7698421, 1.70544589, 5.85168457, 13.3353901 
14.7426424, 1.70041502, 5.82771015, 13.3719959 
14.7154875, 1.69546354, 5.8041749, 13.4082689 
14.6879826, 1.69055021, 5.78095722, 13.4445972 
14.6603422, 1.68554378, 5.75776386, 13.4810238 
14.6325169, 1.68045354, 5.73460674, 13.517581 
14.604352, 1.67540431, 5.71176767, 13.5541935 
14.5759306, 1.67040253, 5.68928242, 13.5907764 
14.5472288, 1.66546786, 5.66697979, 13.6274586 
14.5182219, 1.66053319, 5.64501953, 13.6641741 
14.4891386, 1.6557312, 5.62371826, 13.7005415 
14.4597378, 1.65106201, 5.60263681, 13.7370195 
14.430048, 1.64644468, 5.58192158, 13.7735157 
14.4000301, 1.64186096, 5.56154776, 13.8100815 
14.3693666, 1.63740087, 5.54152822, 13.8469725 
14.3383331, 1.63302159, 5.52185059, 13.8839779 
14.3066654, 1.62875521, 5.50236797, 13.9214039 
14.2746277, 1.62457883, 5.48319101, 13.9589748 
14.2423124, 1.62054443, 5.46434307, 13.9966021 
14.2089815, 1.61672521, 5.44581318, 14.0349293 
14.1752987, 1.61292422, 5.42759991, 14.0734081 
14.1412563, 1.60916138, 5.4095459, 14.1121244 
14.1070805, 1.6056869, 5.39240742, 14.1505156 
14.0726109, 1.60231471, 5.37543964, 14.1890821 
14.0381956, 1.59917903, 5.35925293, 14.2272434 
14.0033236, 1.59621429, 5.34326172, 14.2657213 
13.9674864, 1.59350586, 5.32744122, 14.3049879 
13.931531, 1.59093475, 5.31225586, 14.3441038 
13.8949156, 1.58861542, 5.29722881, 14.3837509 
13.8582335, 1.58650661, 5.28267813, 14.4232693 
13.8212404, 1.58454287, 5.26857901, 14.4629078 
13.7836733, 1.58291471, 5.25480938, 14.5029507 
13.7460632, 1.58145452, 5.24163818, 14.5428267 
13.7079191, 1.5803299, 5.22893047, 14.5830479 
13.6695528, 1.57930446, 5.21639395, 14.6234236 
13.631094, 1.57845914, 5.20446777, 14.6636982 
13.5924044, 1.57781672, 5.19283438, 14.7041044 
13.5534306, 1.57732236, 5.18133545, 14.7447414 
13.514514, 1.57700658, 5.17027569, 14.7852001 
13.4754667, 1.57680964, 5.15964365, 14.8256702 
13.4362307, 1.5767349, 5.14912128, 14.866293 
13.3969364, 1.57681882, 5.13884258, 14.906909 
13.357584, 1.57723081, 5.12910175, 14.9474516 
13.3180084, 1.57782292, 5.11947012, 14.9881868 
13.2780056, 1.57871854, 5.11005878, 15.0292912 
13.2380123, 1.57988286, 5.10102558, 15.0703077 
13.1980076, 1.5813278, 5.09235859, 15.1112671 
13.1573582, 1.58330989, 5.08408213, 15.1527987 
13.1166077, 1.58547211, 5.0758791, 15.1944227 
13.0752382, 1.58805084, 5.06771231, 15.2366695 
13.0338955, 1.59087682, 5.0597167, 15.2788725 
12.9918461, 1.59410548, 5.05186749, 15.3217716 
12.9499817, 1.5975616, 5.04429913, 15.3644543 
12.9075375, 1.60144806, 5.03682852, 15.4077253 
12.8656492, 1.60560155, 5.02991962, 15.4503832 
12.8234043, 1.61009824, 5.02310801, 15.4934101 
12.7815218, 1.61484981, 5.01655293, 15.536067 
12.7396879, 1.6198746, 5.01022959, 15.5786724 
12.6984253, 1.62522578, 5.00441885, 15.6206846 
12.6571751, 1.63088071, 4.99869394, 15.662714 
12.6157074, 1.63693237, 4.99301767, 15.7050037 
12.5742741, 1.64337766, 4.98782969, 15.7472553 
12.5328188, 1.65023959, 4.9828124, 15.7895718 
12.4914551, 1.65738988, 4.97796631, 15.8318281 
12.4500179, 1.66502988, 4.97341299, 15.8742085 
12.4087467, 1.67290652, 4.96912861, 15.9164429 
12.3676815, 1.68115389, 4.96513653, 15.9585171 
12.3267765, 1.68966222, 4.96109629, 16.000494 
12.2859497, 1.69868922, 4.95747089, 16.0424633 
12.2453461, 1.70788121, 4.95395517, 16.0842419 
12.2048645, 1.71724391, 4.95064688, 16.1259251 
12.1647158, 1.72680056, 4.94724131, 16.1673355 
12.124609, 1.73661351, 4.94416523, 16.2087383 
12.0845976, 1.74660039, 4.94123554, 16.250082 
12.0450621, 1.7569046, 4.93858624, 16.2910252 
12.0056915, 1.76741183, 4.93591309, 16.3318596 
11.966568, 1.77824712, 4.933496, 16.3725281 
11.9277248, 1.78928065, 4.93132305, 16.4129658 
11.8892117, 1.80045772, 4.92923594, 16.4531212 
11.8505735, 1.81191564, 4.92720938, 16.4934731 
11.8119173, 1.82356262, 4.92523193, 16.5338955 
11.7734165, 1.83530581, 4.92327881, 16.5741959 
11.7355471, 1.84722447, 4.92161846, 16.6139317 
11.697525, 1.85934448, 4.91982412, 16.6538792 
11.6596832, 1.87145388, 4.917871, 16.6936588 
11.6220245, 1.88355863, 4.91586924, 16.7332649 
11.5840635, 1.89580536, 4.91383076, 16.7732048 
11.5467348, 1.90805662, 4.91173077, 16.8125496 
11.5090303, 1.92046201, 4.90942383, 16.8523102 
11.4715633, 1.93278813, 4.90689707, 16.8918343 
11.4346495, 1.94511569, 4.90443134, 16.9308281 
11.3976231, 1.95748746, 4.90185547, 16.9699516 
11.3607664, 1.96983182, 4.89918232, 17.008913 
11.3246613, 1.98212433, 4.8966918, 17.0471344 
11.288702, 1.99441683, 4.89409161, 17.0852242 
11.2530336, 2.00665736, 4.89138174, 17.1230335 
11.2169743, 2.01897883, 4.88840342, 17.1612568 
11.1810789, 2.03119969, 4.88542461, 17.1992912 
11.1448822, 2.04351187, 4.8822999, 17.2376518 
11.1090117, 2.05573583, 4.87916279, 17.2756767 
11.0728664, 2.06803584, 4.87584209, 17.3140011 
11.0368862, 2.08026886, 4.87249756, 17.3521519 
11.0009642, 2.0925858, 4.86899424, 17.3902874 
10.96521, 2.10477901, 4.86546612, 17.4282284 
10.9298248, 2.11682129, 4.86192608, 17.4657745 
10.8945494, 2.12890482, 4.85850811, 17.5032177 
10.8594027, 2.14097905, 4.85509014, 17.5405388 
10.8243961, 2.15305948, 4.85168457, 17.5777264 
10.7894926, 2.16511536, 4.84814453, 17.6148224 
10.7546415, 2.17714238, 4.84475088, 17.6518459 
10.7198238, 2.18920135, 4.84138203, 17.6888466 
10.684885, 2.20133352, 4.8380127, 17.7259865 
10.6500492, 2.21342325, 4.83464336, 17.7630138 
10.6147795, 2.22559667, 4.83114004, 17.8004894 
10.5794954, 2.23776102, 4.82747793, 17.8379917 
10.5445347, 2.24983668, 4.82382822, 17.8751583 
10.5094299, 2.2619369, 4.82017803, 17.9124699 
10.4745083, 2.27397013, 4.81652832, 17.949585 
10.4393864, 2.28599858, 4.81271982, 17.9869041 
10.4040279, 2.29800868, 4.80889893, 18.0244408 
10.3692417, 2.30987406, 4.80510235, 18.0613918 
10.3343172, 2.3217926, 4.80130625, 18.0984898 
10.2992191, 2.33372355, 4.79750967, 18.1357536 
10.2641754, 2.34563589, 4.79370117, 18.1729622 
10.2287474, 2.35758829, 4.78974628, 18.2105598 
10.1931458, 2.36949015, 4.78564453, 18.2483234 
10.1572542, 2.38136292, 4.78155518, 18.2863483 
10.1213589, 2.39324808, 4.77747822, 18.324379 
10.0853453, 2.40512228, 4.77326679, 18.3625336 
10.0495358, 2.41692805, 4.76921368, 18.4004555 
10.0135593, 2.42863464, 4.76518536, 18.4385033 
9.97709656, 2.44038081, 4.76087666, 18.4770546 
9.94070435, 2.45197916, 4.7565918, 18.5154896 
9.90410137, 2.46352386, 4.75205088, 18.5541363 
9.86784935, 2.47490239, 4.74755859, 18.5923958 
9.83148193, 2.48626566, 4.74312735, 18.6307564 
9.79480553, 2.49766684, 4.73859882, 18.6694298 
9.7581358, 2.5090363, 4.73411846, 18.7080803 
9.72144508, 2.52035379, 4.72956562, 18.7467461 
9.68457603, 2.53168941, 4.72509766, 18.7855759 
9.64691162, 2.54333186, 4.72056866, 18.8252583 
9.60915565, 2.5550828, 4.71612549, 18.8650494 
9.57123756, 2.56695104, 4.71177959, 18.9050179 
9.53279114, 2.57903743, 4.70751953, 18.9455452 
9.49420166, 2.59122467, 4.70336914, 18.9862251 
9.45512104, 2.60361934, 4.69932842, 19.027422 
9.41587543, 2.61604166, 4.69542217, 19.0687714 
9.37626362, 2.62859964, 4.69162607, 19.1105003 
9.33719444, 2.64102173, 4.68782949, 19.1516705 
9.29800701, 2.65357971, 4.6841917, 19.1929817 
9.25900269, 2.66614389, 4.68070078, 19.2341099 
9.21968365, 2.67881155, 4.67725849, 19.2755623 
9.18092632, 2.69129181, 4.67398691, 19.3164101 
9.14179993, 2.70391846, 4.67076397, 19.3576488 
9.10317707, 2.71638489, 4.66772461, 19.3983479 
9.0644865, 2.72893381, 4.66474628, 19.4391308 
9.02610779, 2.74141383, 4.66197491, 19.4795837 
8.98762226, 2.75393677, 4.65928936, 19.5201454 
8.94889259, 2.76663661, 4.65667725, 19.5609875 
8.91009235, 2.77944803, 4.65429688, 19.6019173 
8.87115765, 2.79237676, 4.65216064, 19.6429977 
8.83229637, 2.80534673, 4.65012217, 19.6840172 
8.79347229, 2.81836081, 4.64818096, 19.7250099 
8.75437927, 2.83157349, 4.64649677, 19.7663097 
8.71520424, 2.84487009, 4.64490986, 19.8077106 
8.67641926, 2.85812521, 4.64343262, 19.8487244 
8.63738728, 2.87151337, 4.64205313, 19.8900108 
8.59855366, 2.88488913, 4.64093018, 19.9310989 
8.55951214, 2.89839172, 4.63992929, 19.9724216 
8.5208683, 2.91183162, 4.63919687, 20.0133419 
8.48220253, 2.92532492, 4.63845205, 20.0543022 
8.44312763, 2.93906713, 4.63782978, 20.0957279 
8.40403748, 2.9528625, 4.63747549, 20.1371822 
8.36456299, 2.96685934, 4.63723135, 20.1790657 
8.32496071, 2.98101664, 4.63709736, 20.2211246 
8.28554058, 2.99515676, 4.63704824, 20.2630043 
8.24609947, 3.00934458, 4.63724375, 20.3049202 
8.20688438, 3.02350616, 4.63751221, 20.3466148 
8.16759014, 3.03774118, 4.6378417, 20.3884087 
8.12790489, 3.0521667, 4.63823223, 20.4306374 
8.08836651, 3.06661367, 4.63881826, 20.4727364 
8.04875755, 3.08108377, 4.63944101, 20.5149097 
8.00912476, 3.09560394, 4.64008808, 20.5571251 
7.96943951, 3.11017156, 4.6406126, 20.5994015 
7.93011761, 3.12466431, 4.64129639, 20.6413155 
7.89050913, 3.13936758, 4.64215088, 20.6835728 
7.85068369, 3.1542511, 4.64301777, 20.7260971 
7.81131601, 3.16901088, 4.64403057, 20.7681541 
7.77184439, 3.18392944, 4.64519024, 20.8103657 
7.73291302, 3.19872904, 4.64650869, 20.8520355 
7.69367361, 3.21372366, 4.64797354, 20.8940678 
7.65442514, 3.22877812, 4.64942646, 20.9361305 
7.61546326, 3.24384165, 4.6510253, 20.977932 
7.5765686, 3.25895381, 4.65274668, 21.0196953 
7.53724957, 3.2742691, 4.65444326, 21.0619259 
7.49806499, 3.28957987, 4.65625, 21.1040344 
7.45859385, 3.3050735, 4.65817881, 21.1464806 
7.41959858, 3.32043004, 4.66022968, 21.1884422 
7.38067627, 3.33584738, 4.66236591, 21.23036 
7.34217215, 3.35109854, 4.66444111, 21.2718258 
7.30375957, 3.36632991, 4.66646719, 21.3131981 
7.26581717, 3.38141632, 4.66855478, 21.3540821 
7.22806072, 3.39640355, 4.67072773, 21.394762 
7.19059467, 3.41132975, 4.67298603, 21.435154 
7.15329599, 3.42624354, 4.67530537, 21.4753914 
7.11595154, 3.44122458, 4.67753887, 21.5156898 
7.07880545, 3.45614481, 4.67983389, 21.5557861 
7.04171467, 3.47112274, 4.68231201, 21.5958633 
7.00484943, 3.48608541, 4.68483877, 21.6357307 
6.96814585, 3.50098872, 4.68739033, 21.6754265 
6.93128061, 3.51596069, 4.68983173, 21.7152901 
6.89459848, 3.5308547, 4.69241953, 21.7549629 
6.85810232, 3.54565573, 4.69484854, 21.7944221 
6.82174063, 3.56043863, 4.69726562, 21.8337479 
6.78594065, 3.57504129, 4.69980478, 21.8724937 
6.75028372, 3.58958292, 4.70230722, 21.9110832 
6.71415424, 3.60427856, 4.70477295, 21.9501667 
6.67826557, 3.61885524, 4.70717764, 21.9889774 
6.6419096, 3.63361359, 4.70952129, 22.0282841 
6.6058259, 3.64826965, 4.71177959, 22.0672951 
6.56993389, 3.66286922, 4.71412373, 22.1061134 
6.53417063, 3.67737269, 4.7165041, 22.1447792 
6.4980135, 3.6919663, 4.71862793, 22.1838284 
6.46204233, 3.70644832, 4.72077656, 22.2226658 
6.42597342, 3.7208786, 4.72261953, 22.2615566 
6.3901701, 3.73519588, 4.72460938, 22.3001671 
6.35445261, 3.74946284, 4.72658682, 22.3386803 
6.31878376, 3.76371455, 4.72853994, 22.37714 
6.28360605, 3.77773142, 4.73044443, 22.4150562 
6.2485075, 3.79168844, 4.73228741, 22.4528713 
6.21327829, 3.8056016, 4.73391104, 22.4907837 
6.17781687, 3.81960154, 4.735425, 22.5289383 
6.14274597, 3.83345175, 4.73697519, 22.5666771 
6.10802937, 3.84719706, 4.73841572, 22.604044 
6.07320881, 3.8610642, 4.73988056, 22.641552 
6.03839731, 3.87490988, 4.74135733, 22.6790447 
6.00361347, 3.88872981, 4.74268818, 22.7164974 
5.96906137, 3.90246892, 4.74399424, 22.7537041 
5.93435955, 3.9162643, 4.74510479, 22.7910652 
5.89962149, 3.93005061, 4.74631357, 22.8284569 
5.86431599, 3.94408274, 4.74716806, 22.8664589 
5.82962036, 3.95787358, 4.74796152, 22.9038048 
5.79491282, 3.97157907, 4.74865723, 22.9411259 
5.75964642, 3.9854157, 4.7489624, 22.9790096 
5.72491741, 3.99898076, 4.74914551, 23.0162945 
5.69021606, 4.01250744, 4.74921894, 23.0535393 
5.65610361, 4.02577353, 4.74912119, 23.0901413 
5.62199688, 4.03904247, 4.74885273, 23.1267395 
5.58810711, 4.05224609, 4.74853516, 23.1631126 
5.55407095, 4.06544638, 4.74799824, 23.1996212 
5.52002239, 4.07860279, 4.74737549, 23.2361279 
5.48609924, 4.09166718, 4.7465086, 23.2724895 
5.4523468, 4.1046586, 4.74550772, 23.30867 
5.41850901, 4.11769724, 4.74438477, 23.3449516 
5.38441753, 4.13082409, 4.74266338, 23.3815231 
5.35032034, 4.14394379, 4.74079609, 23.4181042 
5.31616497, 4.15709829, 4.73874521, 23.4547615 
5.28194904, 4.17028189, 4.73652363, 23.491497 
5.24765921, 4.18356466, 4.73424053, 23.5283413 
5.213449, 4.196805, 4.73172617, 23.5651112 
5.17889404, 4.21016073, 4.72868633, 23.6022816 
5.14421368, 4.22355175, 4.7255249, 23.6395912 
5.1093874, 4.23697948, 4.7222414, 23.6770592 
5.07420063, 4.25055981, 4.71851826, 23.7149601 
5.03930664, 4.26402569, 4.71433115, 23.7525959 
5.00427866, 4.27748871, 4.70983887, 23.79039 
4.96876526, 4.29109478, 4.70474863, 23.8287601 
4.93336773, 4.30467224, 4.69948721, 23.8670349 
4.89766836, 4.31840372, 4.69360352, 23.905735 
4.86198139, 4.33213949, 4.68770742, 23.9444256 
4.82642508, 4.34583569, 4.68145752, 23.9830379 
4.79067087, 4.3596468, 4.67498779, 24.0219097 
4.75499582, 4.37342834, 4.6678834, 24.0608101 
4.71924448, 4.38725138, 4.6605711, 24.0998306 
4.68389606, 4.40091991, 4.65301514, 24.1384773 
4.6485014, 4.41458893, 4.64489746, 24.1772766 
4.61282969, 4.42837048, 4.63623047, 24.2164879 
4.57708454, 4.44217968, 4.62730694, 24.2558327 
4.5413146, 4.45599365, 4.61793232, 24.2953072 
4.50505352, 4.46997213, 4.60770273, 24.3354931 
4.46913147, 4.48385143, 4.59719229, 24.375412 
4.43309641, 4.49778605, 4.58610821, 24.4156055 
4.39727783, 4.51166677, 4.57473135, 24.4556694 
4.36144114, 4.52553558, 4.56290293, 24.4958744 
4.3255434, 4.53945446, 4.55076885, 24.5362434 
4.28972483, 4.55331707, 4.53831768, 24.5766182 
4.25393391, 4.56714487, 4.52512217, 24.6171913 
4.21840191, 4.58085346, 4.51160908, 24.6576042 
4.18295574, 4.59456015, 4.49777842, 24.6980457 
4.14742756, 4.6082778, 4.48317862, 24.7388325 
4.11205435, 4.62192678, 4.46827412, 24.7795715 
4.07709026, 4.635396, 4.45303965, 24.8200188 
4.04227924, 4.64879751, 4.43745136, 24.8604469 
4.007617, 4.66210032, 4.42165518, 24.900795 
3.97286367, 4.67537069, 4.4052, 24.941473 
3.93869328, 4.68846273, 4.3883667, 24.9817524 
3.90437937, 4.70159912, 4.37073994, 25.0225029 
3.87056279, 4.71451569, 4.35291767, 25.0628529 
3.83684397, 4.72740793, 4.33431387, 25.1034641 
3.80334783, 4.74016285, 4.31522226, 25.1440735 
3.77001333, 4.75288248, 4.2956543, 25.1847649 
3.73686218, 4.76552868, 4.27578115, 25.2254333 
3.70404363, 4.77806234, 4.25557852, 25.2659588 
3.67127681, 4.79061747, 4.23493671, 25.3066692 
3.63912654, 4.80292368, 4.21397686, 25.3469734 
3.60725403, 4.81515646, 4.19271231, 25.3871937 
3.57564998, 4.82730865, 4.1708498, 25.4274979 
3.54432678, 4.83937979, 4.14885235, 25.4676323 
3.5133605, 4.85130787, 4.12640381, 25.5076942 
3.48248601, 4.86320353, 4.10308838, 25.548172 
3.45186472, 4.87500143, 4.07966328, 25.5884895 
3.42183542, 4.88656616, 4.05599356, 25.628437 
3.3918395, 4.89813089, 4.03162861, 25.6687737 
3.36218572, 4.9095583, 4.00703144, 25.7089596 
3.33275461, 4.92088604, 3.98236084, 25.7489986 
3.30329895, 4.93223095, 3.95672607, 25.7896614 
3.27400827, 4.94350576, 3.93106699, 25.8302002 
3.24542236, 4.95450878, 3.90506601, 25.8703804 
3.21707153, 4.96542072, 3.87875986, 25.9105644 
3.18951416, 4.97601795, 3.85214853, 25.9503117 
3.16221619, 4.9865098, 3.8255372, 25.9898529 
3.13509226, 4.99694681, 3.798352, 26.0296478 
3.10818172, 5.00726795, 3.77089834, 26.0694523 
3.08196402, 5.01731873, 3.74304199, 26.1090031 
3.05604243, 5.02726746, 3.71511221, 26.148386 
3.03037715, 5.03711843, 3.6865356, 26.1880398 
3.00506282, 5.04682016, 3.65793467, 26.2274475 
2.97998953, 5.05640888, 3.62916255, 26.2667961 
2.95540166, 5.06582785, 3.60036612, 26.3058167 
2.93112183, 5.07512045, 3.57137442, 26.3447571 
2.90701294, 5.08434772, 3.54207754, 26.3838043 
2.88339853, 5.09339285, 3.51276851, 26.4225159 
2.86026621, 5.10226154, 3.48300791, 26.4612389 
2.83742976, 5.11102772, 3.45327139, 26.4997444 
2.81481028, 5.11970043, 3.42325449, 26.5383186 
2.79267573, 5.12817097, 3.39312744, 26.5766487 
2.77079773, 5.13655853, 3.36260986, 26.6151218 
2.74912119, 5.14488077, 3.3318603, 26.6536522 
2.7276032, 5.15313864, 3.30089116, 26.6922569 
2.70647287, 5.16124725, 3.26986074, 26.7306633 
2.68558359, 5.16929913, 3.23876953, 26.7689762 
2.66543889, 5.17705393, 3.20775151, 26.8067665 
2.64556265, 5.18469715, 3.17669678, 26.8444214 
2.62590933, 5.19225168, 3.14542246, 26.882122 
2.60692453, 5.19954967, 3.11381841, 26.9197044 
2.58822632, 5.20677471, 3.08209229, 26.9572334 
2.56977224, 5.21390057, 3.05037832, 26.9946098 
2.55148935, 5.22095203, 3.01837158, 27.0321407 
2.53333139, 5.22792959, 2.98614502, 27.0697842 
2.5154357, 5.23480701, 2.95374751, 27.1074276 
2.49780893, 5.24158192, 2.92119145, 27.1450653 
2.48044729, 5.24825764, 2.88847661, 27.1826992 
2.46334219, 5.25483418, 2.85560298, 27.2203369 
2.44649649, 5.26131296, 2.82258296, 27.2579689 
2.42990112, 5.26769543, 2.78940439, 27.2956123 
2.41356206, 5.27398396, 2.7560792, 27.3332558 
2.39746714, 5.28017712, 2.72260737, 27.3709068 
2.38162231, 5.28627777, 2.68898916, 27.4085693 
2.36601877, 5.2922883, 2.65522456, 27.4462471 
2.35065317, 5.29820538, 2.62132573, 27.4839325 
2.33552861, 5.30403614, 2.58729243, 27.5216274 
2.32063603, 5.30977774, 2.55311275, 27.559351 
2.3059783, 5.31543112, 2.51881099, 27.5970802 
2.29154658, 5.32099915, 2.484375, 27.6348305 
2.27734065, 5.32648182, 2.44981694, 27.672596 
2.2633605, 5.33188152, 2.41512442, 27.7103844 
2.24960017, 5.33719778, 2.38032222, 27.7481842 
2.23605657, 5.34243488, 2.34538579, 27.7860165 
2.22272944, 5.34759045, 2.31033945, 27.823864 
2.20961308, 5.3526659, 2.2751708, 27.8617401 
2.19670725, 5.35766459, 2.23989248, 27.8996372 
2.18400884, 5.36258698, 2.20450449, 27.9375553 
2.17151189, 5.36743307, 2.16900635, 27.9755001 
2.1592164, 5.37220478, 2.13339853, 28.0134735 
2.14711905, 5.37690449, 2.09768057, 28.0514774 
2.13521719, 5.38153076, 2.06187749, 28.089489 
2.12350774, 5.38608551, 2.02596426, 28.1275368 
2.11198735, 5.39057159, 1.98995364, 28.1656094 
2.10065603, 5.39498901, 1.95385742, 28.2036991 
2.08950496, 5.3993392, 1.91766357, 28.2418213 
2.07854009, 5.40362263, 1.88138425, 28.2799625 
2.06774902, 5.40783978, 1.8450073, 28.31814 
2.05713511, 5.41199493, 1.80855715, 28.356329 
2.04669499, 5.41608572, 1.77202153, 28.3945465 
2.03642583, 5.42011547, 1.73540044, 28.4327946 
2.02632141, 5.42408276, 1.69870603, 28.4710598 
2.01638174, 5.42799377, 1.66192627, 28.5093594 
2.00660396, 5.43184376, 1.62508547, 28.5476685 
1.99698484, 5.43563843, 1.58817136, 28.5860043 
1.98752141, 5.43937683, 1.55119634, 28.6243534 
1.97821045, 5.44305897, 1.514148, 28.6627312 
1.96905208, 5.44668865, 1.47702634, 28.7011375 
1.96004033, 5.45026541, 1.43985593, 28.7395535 
1.95117188, 5.45379162, 1.40262449, 28.7779884 
1.94244695, 5.45726633, 1.36534429, 28.816433 
1.93385923, 5.46069336, 1.32800293, 28.8549042 
1.92540896, 5.46407175, 1.29060054, 28.8933983 
1.91709292, 5.46740246, 1.25316167, 28.9318943 
