"P","U","V","W","vtkValidPointMask"," s ","Points:0","Points:1","Points:2"
0,0,0,0,0,0,22.293,8.5342,14.064
0,0,0,0,0,0.042215,22.271,8.5153,14.033
0,0,0,0,0,0.084149,22.25,8.4963,14.003
0,0,0,0,0,0.12583,22.228,8.4772,13.973
0,0,0,0,0,0.16727,22.206,8.4581,13.943
0,0,0,0,0,0.20847,22.184,8.4388,13.914
0,0,0,0,0,0.24945,22.161,8.4195,13.886
0,0,0,0,0,0.29022,22.139,8.4,13.858
0,0,0,0,0,0.33077,22.116,8.3805,13.831
0,0,0,0,0,0.37114,22.093,8.3609,13.804
0,0,0,0,0,0.41134,22.07,8.3412,13.778
0,0,0,0,0,0.45136,22.047,8.3214,13.752
0,0,0,0,0,0.49121,22.023,8.3016,13.727
0,0,0,0,0,0.53092,22,8.2816,13.702
0,0,0,0,0,0.57049,21.976,8.2615,13.677
0,0,0,0,0,0.60992,21.952,8.2414,13.653
0,0,0,0,0,0.64922,21.928,8.2212,13.63
0,0,0,0,0,0.68841,21.904,8.2009,13.607
0,0,0,0,0,0.72749,21.879,8.1804,13.584
0,0,0,0,0,0.76647,21.855,8.1599,13.562
0,0,0,0,0,0.80536,21.83,8.1393,13.54
0,0,0,0,0,0.84416,21.805,8.1187,13.518
0,0,0,0,0,0.88288,21.78,8.0979,13.497
0,0,0,0,0,0.92152,21.755,8.077,13.476
0,0,0,0,0,0.9601,21.73,8.0561,13.456
0,0,0,0,0,0.99862,21.705,8.035,13.436
0,0,0,0,0,1.0371,21.679,8.0139,13.416
0,0,0,0,0,1.0755,21.654,7.9927,13.397
277.81,-3.3533e-05,-0.0029168,-0.00011088,1,1.1139,21.628,7.9714,13.378
277.81,-5.3641e-05,-0.0029198,-0.00018806,1,1.1522,21.603,7.95,13.359
277.81,-7.1669e-05,-0.0029226,-0.00026272,1,1.1905,21.577,7.9285,13.34
277.81,-8.5695e-05,-0.0029307,-0.00033054,1,1.2288,21.551,7.9069,13.322
277.81,-9.772e-05,-0.0029396,-0.0003956,1,1.267,21.525,7.8852,13.304
277.81,-0.00010721,-0.0029505,-0.00045616,1,1.3052,21.499,7.8635,13.287
277.81,-0.00011442,-0.0029632,-0.00051277,1,1.3434,21.473,7.8416,13.269
277.81,-0.00012025,-0.0029764,-0.00056704,1,1.3816,21.447,7.8197,13.252
277.81,-0.00012365,-0.0029917,-0.00061652,1,1.4198,21.421,7.7977,13.235
277.81,-0.00012638,-0.0030066,-0.00066525,1,1.458,21.394,7.7755,13.219
277.81,-0.00012692,-0.0030238,-0.00070881,1,1.4961,21.368,7.7533,13.202
277.81,-0.00012691,-0.0030409,-0.00075188,1,1.5343,21.341,7.731,13.186
277.81,-0.00012545,-0.0030592,-0.0007915,1,1.5725,21.315,7.7086,13.17
277.81,-0.00012345,-0.0030781,-0.00082981,1,1.6106,21.288,7.6861,13.155
277.81,-0.00012055,-0.0030976,-0.0008661,1,1.6488,21.262,7.6636,13.139
277.81,-0.00011693,-0.003118,-0.00090063,1,1.687,21.235,7.6409,13.124
277.81,-0.00011307,-0.0031388,-0.00093408,1,1.7252,21.209,7.6181,13.108
277.81,-0.00010851,-0.0031606,-0.00096537,1,1.7634,21.182,7.5953,13.093
277.81,-0.00010381,-0.0031827,-0.00099681,1,1.8016,21.155,7.5723,13.078
277.81,-9.8691e-05,-0.0032058,-0.0010255,1,1.8398,21.129,7.5493,13.064
277.82,-9.3634e-05,-0.0032294,-0.0010549,1,1.8781,21.102,7.5262,13.049
277.82,-8.8223e-05,-0.0032537,-0.0010821,1,1.9163,21.075,7.503,13.035
277.82,-8.2886e-05,-0.0032787,-0.0011099,1,1.9546,21.049,7.4797,13.02
277.82,-7.7734e-05,-0.0033051,-0.0011361,1,1.9935,21.022,7.4558,13.005
277.82,-7.2613e-05,-0.0033317,-0.0011626,1,2.0318,20.995,7.4322,12.991
277.82,-6.7636e-05,-0.0033588,-0.0011879,1,2.0702,20.969,7.4087,12.976
277.82,-6.296e-05,-0.0033869,-0.001213,1,2.1087,20.942,7.3851,12.962
277.82,-5.8539e-05,-0.0034154,-0.0012375,1,2.1468,20.915,7.3616,12.947
277.82,-5.4288e-05,-0.0034452,-0.0012626,1,2.1857,20.889,7.3376,12.933
277.82,-5.0442e-05,-0.0034757,-0.0012874,1,2.2243,20.862,7.3137,12.918
277.82,-4.7058e-05,-0.0035072,-0.0013121,1,2.2631,20.835,7.2896,12.904
277.82,-4.3931e-05,-0.0035395,-0.0013374,1,2.3017,20.809,7.2655,12.889
277.82,-4.1289e-05,-0.0035727,-0.0013629,1,2.3406,20.782,7.2411,12.875
277.82,-3.917e-05,-0.0036074,-0.0013887,1,2.3796,20.756,7.2165,12.86
277.82,-3.763e-05,-0.0036426,-0.0014146,1,2.4184,20.729,7.1919,12.846
277.82,-3.6354e-05,-0.0036787,-0.0014414,1,2.457,20.703,7.1673,12.831
277.82,-3.5867e-05,-0.0037157,-0.0014682,1,2.4957,20.677,7.1426,12.817
277.82,-3.5755e-05,-0.0037542,-0.0014959,1,2.5346,20.651,7.1176,12.803
277.82,-3.6385e-05,-0.0037927,-0.0015237,1,2.5729,20.625,7.0929,12.789
277.82,-3.7321e-05,-0.0038332,-0.0015532,1,2.612,20.599,7.0676,12.774
277.82,-3.9381e-05,-0.0038741,-0.0015821,1,2.6506,20.574,7.0425,12.76
277.82,-4.1744e-05,-0.0039168,-0.0016126,1,2.6896,20.548,7.0171,12.745
277.82,-4.4985e-05,-0.0039598,-0.0016437,1,2.7286,20.523,6.9917,12.73
277.82,-4.8751e-05,-0.0040046,-0.0016758,1,2.7677,20.497,6.9661,12.715
277.82,-5.3526e-05,-0.00405,-0.0017084,1,2.8068,20.471,6.9404,12.701
277.82,-5.8702e-05,-0.0040967,-0.0017426,1,2.8459,20.446,6.9146,12.686
277.82,-6.5128e-05,-0.0041447,-0.0017777,1,2.8854,20.421,6.8884,12.671
277.82,-7.2267e-05,-0.0041941,-0.0018135,1,2.9249,20.395,6.8621,12.655
277.82,-8.045e-05,-0.0042443,-0.0018504,1,2.9644,20.37,6.8358,12.64
277.82,-8.9007e-05,-0.0042952,-0.0018888,1,3.0037,20.346,6.8095,12.625
277.82,-9.9058e-05,-0.0043477,-0.0019276,1,3.0432,20.321,6.783,12.609
277.82,-0.00010974,-0.004401,-0.0019677,1,3.0828,20.296,6.7565,12.593
277.82,-0.0001211,-0.0044546,-0.0020089,1,3.1218,20.271,6.7302,12.578
277.82,-0.00013361,-0.0045096,-0.0020511,1,3.1612,20.247,6.7038,12.562
277.82,-0.0001473,-0.0045659,-0.0020943,1,3.2006,20.223,6.6772,12.546
277.82,-0.00016185,-0.0046226,-0.0021388,1,3.2398,20.198,6.6508,12.53
277.82,-0.00017727,-0.00468,-0.0021838,1,3.2787,20.175,6.6245,12.514
277.82,-0.00019357,-0.004738,-0.0022301,1,3.3176,20.151,6.5982,12.498
277.82,-0.000211,-0.0047972,-0.0022776,1,3.3564,20.127,6.5719,12.482
277.82,-0.00022975,-0.0048578,-0.0023265,1,3.3958,20.104,6.5454,12.465
277.82,-0.00024985,-0.0049193,-0.0023762,1,3.4349,20.08,6.5189,12.448
277.82,-0.00027077,-0.004981,-0.0024268,1,3.4737,20.057,6.4925,12.432
277.82,-0.00029358,-0.0050449,-0.0024788,1,3.5131,20.034,6.4659,12.414
277.82,-0.00031733,-0.0051094,-0.0025319,1,3.5525,20.011,6.4394,12.397
277.82,-0.00034275,-0.0051763,-0.0025872,1,3.5925,19.987,6.4127,12.378
277.82,-0.00036943,-0.0052438,-0.0026429,1,3.6325,19.964,6.3861,12.36
277.82,-0.00039702,-0.0053116,-0.0026994,1,3.672,19.941,6.3599,12.341
277.82,-0.00042646,-0.0053818,-0.0027578,1,3.7121,19.917,6.3334,12.322
277.82,-0.00045657,-0.0054509,-0.0028158,1,3.7516,19.895,6.3074,12.303
277.82,-0.00048822,-0.005522,-0.0028753,1,3.791,19.872,6.2816,12.284
277.82,-0.00052073,-0.0055932,-0.0029355,1,3.8305,19.85,6.2558,12.264
277.82,-0.00055516,-0.0056664,-0.002997,1,3.8702,19.827,6.2301,12.244
277.82,-0.00059063,-0.0057408,-0.0030599,1,3.91,19.805,6.2045,12.223
277.82,-0.00062796,-0.0058164,-0.0031234,1,3.9501,19.782,6.179,12.202
277.82,-0.00066652,-0.0058935,-0.0031884,1,3.9903,19.76,6.1536,12.181
277.82,-0.00070616,-0.0059712,-0.0032537,1,4.0303,19.737,6.1286,12.159
277.82,-0.00074719,-0.0060497,-0.0033203,1,4.0704,19.715,6.1037,12.136
277.82,-0.00078882,-0.0061293,-0.0033883,1,4.1104,19.693,6.0788,12.114
277.82,-0.0008316,-0.0062083,-0.0034575,1,4.1503,19.671,6.0539,12.092
277.82,-0.0008753,-0.0062903,-0.0035294,1,4.1907,19.649,6.0288,12.07
277.82,-0.00091992,-0.0063697,-0.0036007,1,4.2305,19.627,6.0041,12.047
277.82,-0.00096499,-0.006453,-0.0036752,1,4.2705,19.605,5.9794,12.025
277.82,-0.001011,-0.0065341,-0.00375,1,4.3108,19.583,5.9548,12.002
277.82,-0.0010575,-0.0066179,-0.0038267,1,4.3506,19.561,5.9306,11.979
277.82,-0.0011042,-0.0066991,-0.0039036,1,4.3903,19.539,5.9066,11.956
277.82,-0.0011518,-0.0067826,-0.0039832,1,4.4299,19.517,5.8826,11.934
277.82,-0.0011988,-0.0068635,-0.0040621,1,4.4687,19.496,5.8591,11.911
277.82,-0.0012475,-0.0069464,-0.004144,1,4.508,19.474,5.8354,11.889
277.82,-0.0012955,-0.0070281,-0.0042256,1,4.5465,19.453,5.8124,11.866
277.82,-0.0013448,-0.0071098,-0.0043095,1,4.5853,19.431,5.7891,11.844
277.82,-0.0013944,-0.007193,-0.0043958,1,4.6239,19.41,5.766,11.821
277.82,-0.0014442,-0.0072731,-0.0044819,1,4.6622,19.389,5.743,11.799
277.82,-0.0014949,-0.0073563,-0.0045719,1,4.7004,19.368,5.72,11.777
277.82,-0.0015454,-0.0074353,-0.0046614,1,4.7385,19.347,5.6971,11.755
277.82,-0.0015974,-0.0075171,-0.0047539,1,4.7762,19.326,5.6743,11.734
277.82,-0.001649,-0.0075955,-0.0048464,1,4.8137,19.305,5.6516,11.712
277.82,-0.0017027,-0.0076762,-0.0049423,1,4.8514,19.284,5.6287,11.69
277.82,-0.0017571,-0.0077565,-0.0050404,1,4.8892,19.264,5.6059,11.669
277.82,-0.0018124,-0.0078358,-0.0051396,1,4.9268,19.243,5.583,11.647
277.82,-0.0018699,-0.0079176,-0.0052426,1,4.9645,19.222,5.5602,11.625
277.82,-0.0019273,-0.0079952,-0.0053447,1,5.0021,19.202,5.5374,11.603
277.82,-0.0019871,-0.0080759,-0.0054507,1,5.0395,19.182,5.5148,11.582
277.82,-0.0020485,-0.0081549,-0.0055585,1,5.0775,19.161,5.4918,11.559
277.82,-0.0021118,-0.0082356,-0.0056693,1,5.1154,19.141,5.4689,11.537
277.82,-0.0021766,-0.0083149,-0.0057816,1,5.1532,19.121,5.4459,11.515
277.82,-0.002243,-0.0083948,-0.0058967,1,5.1913,19.1,5.4229,11.492
277.82,-0.0023116,-0.0084748,-0.006014,1,5.2295,19.08,5.3999,11.47
277.82,-0.0023808,-0.0085522,-0.0061308,1,5.2672,19.06,5.3771,11.447
277.82,-0.0024517,-0.0086312,-0.0062506,1,5.3049,19.04,5.3544,11.425
277.82,-0.002524,-0.0087064,-0.0063698,1,5.3427,19.02,5.3317,11.402
277.82,-0.002598,-0.0087839,-0.0064922,1,5.3806,19,5.309,11.379
277.82,-0.0026723,-0.0088572,-0.0066129,1,5.4182,18.98,5.2866,11.356
277.82,-0.0027478,-0.0089313,-0.0067354,1,5.4558,18.96,5.2643,11.334
277.82,-0.0028232,-0.0090015,-0.006856,1,5.4931,18.94,5.2423,11.311
277.82,-0.0028998,-0.0090718,-0.0069778,1,5.5304,18.921,5.2203,11.288
277.82,-0.0029762,-0.0091382,-0.007098,1,5.568,18.901,5.1982,11.265
277.82,-0.0030533,-0.0092032,-0.0072193,1,5.6056,18.881,5.1761,11.242
277.82,-0.0031296,-0.009265,-0.0073371,1,5.6433,18.861,5.1541,11.219
277.82,-0.0032048,-0.0093215,-0.0074535,1,5.681,18.841,5.1321,11.195
277.82,-0.0032801,-0.0093779,-0.0075683,1,5.7188,18.821,5.1102,11.172
277.82,-0.0033515,-0.0094238,-0.0076772,1,5.7564,18.802,5.0883,11.149
277.82,-0.0034233,-0.0094721,-0.0077864,1,5.7942,18.782,5.0664,11.125
277.82,-0.0034901,-0.0095069,-0.0078879,1,5.8323,18.761,5.0444,11.101
277.82,-0.0035565,-0.0095431,-0.0079883,1,5.8701,18.742,5.0227,11.078
277.82,-0.0036165,-0.0095661,-0.0080802,1,5.9083,18.722,5.0007,11.054
277.82,-0.003676,-0.0095876,-0.0081696,1,5.9466,18.701,4.9787,11.03
277.82,-0.0037277,-0.0095967,-0.0082502,1,5.9849,18.681,4.9568,11.006
277.82,-0.0037768,-0.0096024,-0.008326,1,6.023,18.661,4.935,10.982
277.82,-0.0038189,-0.0095961,-0.0083939,1,6.0612,18.642,4.9131,10.957
277.82,-0.003856,-0.0095856,-0.0084555,1,6.0986,18.622,4.8918,10.933
277.82,-0.0038872,-0.0095632,-0.0085101,1,6.1364,18.603,4.8705,10.909
277.82,-0.0039123,-0.0095345,-0.0085573,1,6.1741,18.583,4.8492,10.885
277.82,-0.0039318,-0.0094956,-0.0086003,1,6.212,18.564,4.828,10.86
277.82,-0.0039444,-0.009448,-0.0086341,1,6.2501,18.544,4.8068,10.835
277.82,-0.0039506,-0.0093918,-0.0086647,1,6.2881,18.525,4.7858,10.81
277.82,-0.0039509,-0.0093264,-0.0086863,1,6.3259,18.506,4.7648,10.785
277.82,-0.0039438,-0.0092516,-0.0087025,1,6.3638,18.487,4.7439,10.76
277.82,-0.0039318,-0.0091691,-0.008716,1,6.402,18.468,4.723,10.734
277.82,-0.0039113,-0.0090745,-0.0087188,1,6.4402,18.449,4.702,10.708
277.82,-0.0038862,-0.0089738,-0.0087213,1,6.4787,18.43,4.6809,10.682
277.82,-0.0038534,-0.008862,-0.0087149,1,6.5165,18.412,4.6602,10.656
277.82,-0.0038162,-0.0087448,-0.0087059,1,6.5545,18.394,4.6395,10.63
277.82,-0.0037723,-0.0086176,-0.0086932,1,6.592,18.377,4.6192,10.604
277.82,-0.0037233,-0.0084844,-0.008674,1,6.6297,18.359,4.5988,10.577
277.82,-0.0036689,-0.0083403,-0.008652,1,6.6671,18.342,4.5787,10.551
277.82,-0.003609,-0.0081935,-0.0086267,1,6.7045,18.325,4.5586,10.524
277.82,-0.0035434,-0.0080314,-0.0085946,1,6.742,18.308,4.5387,10.498
277.82,-0.0034745,-0.007867,-0.0085619,1,6.7794,18.291,4.5189,10.471
277.82,-0.0033984,-0.007692,-0.008523,1,6.8166,18.274,4.4994,10.444
277.82,-0.0033192,-0.0075063,-0.0084804,1,6.8546,18.257,4.4796,10.416
277.82,-0.0032324,-0.0073106,-0.0084314,1,6.8926,18.24,4.4598,10.389
277.82,-0.0031427,-0.0071097,-0.0083801,1,6.93,18.223,4.4404,10.362
277.82,-0.00305,-0.0068982,-0.0083236,1,6.9674,18.206,4.421,10.334
277.82,-0.0029495,-0.0066756,-0.0082608,1,7.005,18.189,4.4019,10.307
277.82,-0.0028465,-0.0064454,-0.0081956,1,7.0423,18.173,4.3829,10.279
277.82,-0.0027381,-0.0062001,-0.008122,1,7.0797,18.156,4.364,10.252
277.82,-0.0026248,-0.0059483,-0.008043,1,7.1171,18.139,4.3453,10.224
277.82,-0.002504,-0.0056719,-0.0079568,1,7.1553,18.122,4.3261,10.196
277.82,-0.0023766,-0.0053858,-0.0078594,1,7.1935,18.105,4.307,10.167
277.83,-0.0022408,-0.0050758,-0.0077535,1,7.2324,18.087,4.2876,10.139
277.83,-0.0021,-0.004753,-0.0076405,1,7.2709,18.07,4.2686,10.11
277.83,-0.0019527,-0.0044137,-0.007515,1,7.3095,18.053,4.2496,10.081
277.83,-0.001796,-0.0040435,-0.00738,1,7.3487,18.034,4.2305,10.052
277.83,-0.0016332,-0.0036638,-0.0072323,1,7.3873,18.017,4.2117,10.024
277.83,-0.0014604,-0.0032519,-0.0070725,1,7.4262,17.999,4.1929,9.9946
277.83,-0.0012826,-0.0028242,-0.0069053,1,7.4644,17.981,4.1746,9.9662
277.83,-0.0010894,-0.0023699,-0.0067157,1,7.5028,17.963,4.156,9.9376
277.83,-0.00088689,-0.001882,-0.006512,1,7.5415,17.945,4.1374,9.9089
277.83,-0.00067043,-0.0013678,-0.0062925,1,7.5798,17.927,4.1189,9.8805
277.83,-0.00044018,-0.0008187,-0.0060519,1,7.6182,17.91,4.1004,9.8519
277.83,-0.00019722,-0.00023434,-0.0057917,1,7.6568,17.892,4.0819,9.8233
277.83,7.3521e-05,0.00039575,-0.0055117,1,7.6953,17.874,4.0634,9.7946
277.83,0.00035522,0.0010641,-0.005199,1,7.7342,17.855,4.0447,9.7659
277.83,0.00066098,0.0017876,-0.0048681,1,7.7731,17.837,4.026,9.7371
277.83,0.00099351,0.0025417,-0.0045064,1,7.8115,17.819,4.0075,9.7088
277.83,0.0013412,0.0033484,-0.0041143,1,7.85,17.8,3.989,9.6804
277.83,0.0017241,0.0042179,-0.0037,1,7.8886,17.782,3.9705,9.6521
277.82,0.0021298,0.0051231,-0.0032364,1,7.9268,17.763,3.9521,9.6242
277.82,0.0025693,0.0061045,-0.0027565,1,7.9651,17.745,3.9336,9.5962
277.82,0.0030612,0.0071606,-0.002214,1,8.0041,17.726,3.9148,9.5679
277.82,0.0035731,0.0082668,-0.0016407,1,8.0425,17.707,3.8962,9.5401
277.82,0.0041392,0.0094722,-0.0010153,1,8.0816,17.688,3.8771,9.512
277.82,0.0047541,0.010726,-0.00033591,1,8.1202,17.668,3.8583,9.4845
277.82,0.0054016,0.012052,0.00038121,1,8.1585,17.649,3.8394,9.4572
277.82,0.0061004,0.01345,0.0011469,1,8.1964,17.63,3.8209,9.4304
277.82,0.0068528,0.014913,0.0019673,1,8.2343,17.61,3.8021,9.4037
277.82,0.0076716,0.016488,0.002878,1,8.2727,17.591,3.7829,9.377
277.82,0.0085789,0.018155,0.0038325,1,8.3112,17.571,3.7635,9.3503
277.82,0.0095185,0.019878,0.0048784,1,8.3492,17.551,3.7442,9.3241
277.82,0.010552,0.021711,0.0059511,1,8.3873,17.531,3.7248,9.2981
277.82,0.011631,0.023575,0.0071363,1,8.4247,17.511,3.7055,9.2727
277.82,0.0128,0.025551,0.0083612,1,8.4624,17.492,3.686,9.2474
277.83,0.014065,0.027631,0.0097107,1,8.5003,17.471,3.6662,9.2221
277.83,0.0154,0.029768,0.011116,1,8.5381,17.451,3.6462,9.1972
277.83,0.016841,0.032018,0.012633,1,8.576,17.431,3.626,9.1724
277.83,0.018396,0.034355,0.014246,1,8.6145,17.41,3.6052,9.1473
277.83,0.020049,0.036801,0.015981,1,8.6531,17.39,3.5843,9.1224
277.83,0.021792,0.039284,0.017758,1,8.6914,17.369,3.5634,9.0979
277.83,0.023624,0.041852,0.019681,1,8.73,17.348,3.5423,9.0734
277.83,0.025581,0.04449,0.021647,1,8.7687,17.327,3.5209,9.0491
277.83,0.027578,0.047132,0.02373,1,8.807,17.305,3.4997,9.0252
277.83,0.029694,0.049825,0.025851,1,8.8455,17.284,3.4782,9.0015
277.83,0.03188,0.052541,0.028094,1,8.884,17.263,3.4565,8.978
277.83,0.034112,0.055214,0.030343,1,8.922,17.241,3.4349,8.955
277.83,0.036458,0.057949,0.032703,1,8.9606,17.22,3.413,8.9318
277.83,0.038847,0.060628,0.035088,1,8.9993,17.198,3.3909,8.9087
277.83,0.041285,0.063282,0.037511,1,9.0376,17.176,3.369,8.8861
277.83,0.043734,0.065839,0.039932,1,9.0761,17.154,3.3468,8.8636
277.83,0.04624,0.068352,0.042382,1,9.1146,17.132,3.3246,8.8413
277.84,0.048721,0.070752,0.044785,1,9.1532,17.11,3.3022,8.8191
277.84,0.051213,0.073022,0.047173,1,9.1918,17.087,3.2798,8.7971
277.84,0.053727,0.075233,0.049513,1,9.2312,17.064,3.257,8.7748
277.84,0.056154,0.07719,0.051757,1,9.2703,17.041,3.2342,8.7527
277.84,0.058588,0.079065,0.053905,1,9.3101,17.018,3.2112,8.7302
277.85,0.060886,0.080637,0.055876,1,9.3495,16.995,3.1883,8.7082
277.85,0.063125,0.082055,0.057717,1,9.3893,16.971,3.1652,8.6858
277.85,0.065209,0.083158,0.059288,1,9.429,16.948,3.1421,8.6637
277.86,0.067148,0.084028,0.060709,1,9.4687,16.924,3.119,8.6416
277.86,0.068905,0.084589,0.061751,1,9.5079,16.901,3.0961,8.6199
277.86,0.070459,0.084845,0.062654,1,9.5473,16.877,3.073,8.5981
277.87,0.071825,0.084842,0.06309,1,9.5865,16.854,3.05,8.5764
277.87,0.07292,0.084469,0.063373,1,9.6256,16.831,3.027,8.5546
277.87,0.073785,0.083845,0.06318,1,9.665,16.809,3.0038,8.5324
277.88,0.074379,0.082877,0.062759,1,9.7041,16.786,2.9808,8.5103
277.88,0.074673,0.081628,0.061928,1,9.7434,16.763,2.9578,8.488
277.89,0.074707,0.080091,0.060793,1,9.7823,16.741,2.935,8.4658
277.89,0.074389,0.078277,0.059356,1,9.821,16.719,2.9124,8.4436
277.9,0.073833,0.076205,0.057535,1,9.8598,16.697,2.8898,8.421
277.9,0.07287,0.073857,0.055521,1,9.8986,16.675,2.8672,8.3981
277.91,0.071685,0.071306,0.053086,1,9.9374,16.653,2.8447,8.3749
277.91,0.070086,0.068479,0.050519,1,9.9763,16.632,2.8221,8.3514
277.91,0.068238,0.065534,0.04761,1,10.015,16.611,2.7996,8.3277
277.92,0.066065,0.062371,0.044586,1,10.054,16.59,2.7773,8.3038
277.92,0.063642,0.059156,0.041363,1,10.093,16.57,2.7552,8.2797
277.93,0.060977,0.05581,0.038037,1,10.131,16.55,2.7334,8.2557
277.93,0.058045,0.05235,0.034555,1,10.17,16.529,2.7115,8.2308
277.94,0.054858,0.048788,0.030967,1,10.209,16.509,2.6896,8.2055
277.94,0.051479,0.045159,0.027293,1,10.248,16.489,2.6677,8.1796
277.94,0.047934,0.041565,0.023627,1,10.288,16.469,2.6461,8.1536
277.95,0.044293,0.037985,0.019957,1,10.327,16.449,2.6247,8.1273
277.95,0.040545,0.034456,0.01632,1,10.366,16.429,2.6034,8.1008
277.95,0.036735,0.030984,0.012735,1,10.406,16.409,2.5823,8.0739
277.95,0.032875,0.027589,0.0091908,1,10.446,16.389,2.5613,8.0466
277.96,0.029009,0.024287,0.0057536,1,10.486,16.369,2.5405,8.0189
277.96,0.025148,0.021115,0.0023952,1,10.526,16.348,2.5197,7.9908
277.96,0.021372,0.018067,-0.00081426,1,10.567,16.328,2.4992,7.9623
277.96,0.017617,0.015174,-0.0038993,1,10.608,16.308,2.4789,7.9333
277.96,0.014014,0.012455,-0.0068284,1,10.648,16.287,2.4588,7.9041
277.96,0.010521,0.0098994,-0.0095769,1,10.689,16.267,2.439,7.8747
277.96,0.0071845,0.0075664,-0.012204,1,10.73,16.247,2.4193,7.8449
277.96,0.0040704,0.0054045,-0.014608,1,10.771,16.227,2.4002,7.8153
277.96,0.0010635,0.0034388,-0.016867,1,10.812,16.206,2.3813,7.7853
277.96,-0.0017428,0.0016305,-0.018982,1,10.853,16.186,2.3627,7.755
277.96,-0.0044056,-2.5022e-05,-0.020922,1,10.894,16.165,2.3443,7.7245
277.96,-0.0068712,-0.001467,-0.022763,1,10.935,16.145,2.3261,7.6937
277.96,-0.0091708,-0.0028192,-0.024454,1,10.977,16.124,2.3081,7.6625
277.96,-0.011342,-0.0039928,-0.025995,1,11.018,16.103,2.2903,7.6311
277.96,-0.013329,-0.0050259,-0.027463,1,11.06,16.083,2.2726,7.5994
277.96,-0.015163,-0.0059508,-0.028756,1,11.102,16.062,2.2554,7.5677
277.96,-0.016863,-0.0067534,-0.029983,1,11.143,16.042,2.2383,7.5356
277.96,-0.01841,-0.007455,-0.031123,1,11.185,16.021,2.2217,7.5035
277.96,-0.019848,-0.0080715,-0.032134,1,11.226,16.001,2.2053,7.4713
277.96,-0.021155,-0.0086043,-0.03311,1,11.268,15.98,2.1891,7.4391
277.96,-0.022362,-0.0090576,-0.033995,1,11.309,15.96,2.1735,7.407
277.96,-0.02348,-0.0094712,-0.034808,1,11.35,15.94,2.1582,7.3747
277.96,-0.024496,-0.0098221,-0.035581,1,11.391,15.92,2.1431,7.3424
277.96,-0.025467,-0.010128,-0.036306,1,11.432,15.899,2.1283,7.3099
277.95,-0.026377,-0.010419,-0.036999,1,11.474,15.878,2.1137,7.2768
277.95,-0.027204,-0.010653,-0.037619,1,11.515,15.858,2.0994,7.2438
277.95,-0.028002,-0.010875,-0.038231,1,11.557,15.837,2.0855,7.2106
277.95,-0.028759,-0.011075,-0.038812,1,11.598,15.816,2.0719,7.1775
277.95,-0.029447,-0.011246,-0.039329,1,11.64,15.795,2.0584,7.1439
277.95,-0.030119,-0.011412,-0.039846,1,11.682,15.773,2.0451,7.1105
277.95,-0.030755,-0.011555,-0.040321,1,11.724,15.752,2.0324,7.0773
277.95,-0.031348,-0.011687,-0.040769,1,11.765,15.731,2.0198,7.044
277.95,-0.031907,-0.011807,-0.041175,1,11.807,15.709,2.0073,7.0106
277.94,-0.032452,-0.011924,-0.041577,1,11.848,15.688,1.9952,6.9774
277.94,-0.032964,-0.01203,-0.041954,1,11.89,15.666,1.9832,6.9439
277.94,-0.03345,-0.012132,-0.042306,1,11.932,15.644,1.9715,6.9105
277.94,-0.03391,-0.012233,-0.04264,1,11.974,15.621,1.9601,6.877
277.94,-0.034311,-0.012316,-0.042923,1,12.015,15.599,1.9491,6.844
277.94,-0.034717,-0.012411,-0.04323,1,12.057,15.576,1.9383,6.8108
277.94,-0.035079,-0.012495,-0.043502,1,12.097,15.554,1.928,6.7782
277.94,-0.035386,-0.012576,-0.043743,1,12.138,15.532,1.9181,6.7457
277.93,-0.035656,-0.012651,-0.043961,1,12.179,15.509,1.9084,6.7135
277.93,-0.035897,-0.012728,-0.044178,1,12.219,15.487,1.8988,6.6812
277.93,-0.036084,-0.012801,-0.044376,1,12.26,15.464,1.8893,6.649
277.93,-0.036238,-0.012877,-0.044571,1,12.3,15.441,1.8804,6.6172
277.93,-0.036328,-0.012953,-0.044748,1,12.34,15.419,1.8716,6.5855
277.93,-0.036333,-0.01302,-0.044879,1,12.38,15.395,1.8629,6.5539
277.93,-0.036305,-0.013102,-0.045032,1,12.42,15.372,1.8543,6.5224
277.92,-0.036161,-0.013172,-0.04513,1,12.46,15.349,1.8459,6.491
277.92,-0.035964,-0.013263,-0.045257,1,12.5,15.326,1.8377,6.4598
277.92,-0.035667,-0.013343,-0.045323,1,12.539,15.302,1.8297,6.4291
277.92,-0.035243,-0.01344,-0.04539,1,12.578,15.279,1.822,6.3985
277.92,-0.034692,-0.01353,-0.045381,1,12.618,15.255,1.8145,6.3679
277.92,-0.034005,-0.013636,-0.045368,1,12.657,15.231,1.8074,6.3381
277.91,-0.033154,-0.013738,-0.045281,1,12.695,15.207,1.8006,6.3085
277.91,-0.032159,-0.013858,-0.045171,1,12.734,15.183,1.7938,6.2793
277.91,-0.030922,-0.01397,-0.044976,1,12.772,15.159,1.7875,6.2505
277.91,-0.029504,-0.014095,-0.044716,1,12.81,15.134,1.7813,6.222
277.91,-0.027763,-0.014209,-0.044347,1,12.848,15.109,1.7752,6.1937
277.91,-0.025785,-0.014331,-0.043875,1,12.886,15.085,1.7694,6.1659
277.9,-0.023431,-0.01444,-0.043241,1,12.924,15.059,1.7636,6.1382
277.9,-0.020708,-0.014555,-0.042497,1,12.962,15.034,1.7579,6.1106
277.9,-0.0176,-0.014643,-0.041527,1,12.999,15.008,1.7524,6.0836
277.9,-0.013963,-0.014718,-0.040416,1,13.037,14.982,1.747,6.0566
277.9,-0.0098191,-0.014765,-0.038957,1,13.075,14.956,1.7416,6.0298
277.89,-0.005054,-0.014785,-0.037397,1,13.113,14.93,1.7363,6.0034
277.89,0.00030499,-0.014762,-0.035329,1,13.15,14.903,1.7311,5.9774
277.89,0.0064268,-0.0147,-0.033212,1,13.188,14.877,1.7258,5.9515
277.89,0.013236,-0.014603,-0.030416,1,13.225,14.85,1.7206,5.9258
277.89,0.020805,-0.014434,-0.027626,1,13.262,14.823,1.7156,5.9008
277.89,0.0292,-0.01423,-0.024042,1,13.299,14.796,1.7104,5.8759
277.89,0.038414,-0.013941,-0.020457,1,13.335,14.77,1.7054,5.8517
277.88,0.048633,-0.013602,-0.015978,1,13.372,14.743,1.7004,5.8277
277.88,0.059763,-0.013159,-0.01136,1,13.408,14.715,1.6955,5.8042
277.88,0.071943,-0.012657,-0.0059506,1,13.445,14.688,1.6906,5.781
277.88,0.085233,-0.012059,-0.00018562,1,13.481,14.66,1.6855,5.7578
277.88,0.099671,-0.011415,0.0061586,1,13.518,14.633,1.6805,5.7346
277.88,0.11525,-0.010655,0.013146,1,13.554,14.604,1.6754,5.7118
277.89,0.13163,-0.0098407,0.020418,1,13.591,14.576,1.6704,5.6893
277.89,0.14918,-0.0089152,0.028534,1,13.627,14.547,1.6655,5.667
277.89,0.16757,-0.0078909,0.036866,1,13.664,14.518,1.6605,5.645
277.89,0.18685,-0.0067954,0.045956,1,13.701,14.489,1.6557,5.6237
277.9,0.2067,-0.0055284,0.055164,1,13.737,14.46,1.6511,5.6026
277.9,0.22745,-0.0041813,0.064969,1,13.774,14.43,1.6464,5.5819
277.91,0.24854,-0.0027335,0.075028,1,13.81,14.4,1.6419,5.5615
277.91,0.27019,-0.0011382,0.085482,1,13.847,14.369,1.6374,5.5415
277.92,0.2922,0.00056655,0.096202,1,13.884,14.338,1.633,5.5219
277.93,0.31385,0.002402,0.10689,1,13.921,14.307,1.6288,5.5024
277.95,0.33568,0.0043795,0.11779,1,13.959,14.275,1.6246,5.4832
277.96,0.35607,0.0064318,0.12799,1,13.997,14.242,1.6205,5.4643
277.98,0.37578,0.0086579,0.13817,1,14.035,14.209,1.6167,5.4458
277.99,0.39483,0.011007,0.1481,1,14.073,14.175,1.6129,5.4276
278.02,0.41108,0.013307,0.15677,1,14.112,14.141,1.6092,5.4095
278.04,0.42547,0.015694,0.16477,1,14.151,14.107,1.6057,5.3924
278.07,0.43826,0.018198,0.17202,1,14.189,14.073,1.6023,5.3754
278.1,0.44683,0.020506,0.17758,1,14.227,14.038,1.5992,5.3593
278.13,0.45297,0.022867,0.182,1,14.266,14.003,1.5962,5.3433
278.17,0.45669,0.025294,0.18535,1,14.305,13.967,1.5935,5.3274
278.21,0.45617,0.027457,0.18714,1,14.344,13.932,1.5909,5.3123
278.25,0.45197,0.029493,0.18714,1,14.384,13.895,1.5886,5.2972
278.29,0.4449,0.031389,0.18587,1,14.423,13.858,1.5865,5.2827
278.33,0.43456,0.033049,0.18341,1,14.463,13.821,1.5845,5.2686
278.38,0.42023,0.034366,0.17923,1,14.503,13.784,1.5829,5.2548
278.42,0.40327,0.03544,0.17379,1,14.543,13.746,1.5815,5.2416
278.46,0.384,0.036245,0.16737,1,14.583,13.708,1.5803,5.2289
278.51,0.36232,0.036762,0.16017,1,14.623,13.67,1.5793,5.2164
278.55,0.33874,0.037003,0.15207,1,14.664,13.631,1.5785,5.2045
278.58,0.31383,0.036993,0.14343,1,14.704,13.592,1.5778,5.1928
278.62,0.28809,0.036786,0.13455,1,14.745,13.553,1.5773,5.1813
278.65,0.26194,0.036394,0.12551,1,14.785,13.515,1.577,5.1703
278.68,0.23556,0.035864,0.11631,1,14.826,13.475,1.5768,5.1596
278.71,0.20941,0.035178,0.10731,1,14.866,13.436,1.5767,5.1491
278.73,0.18392,0.034395,0.098594,1,14.907,13.397,1.5768,5.1388
278.75,0.15934,0.03349,0.09014,1,14.947,13.358,1.5772,5.1291
278.77,0.13552,0.032516,0.081935,1,14.988,13.318,1.5778,5.1195
278.78,0.11269,0.031451,0.074048,1,15.029,13.278,1.5787,5.1101
278.8,0.091495,0.030337,0.066775,1,15.07,13.238,1.5799,5.101
278.81,0.071765,0.029209,0.059969,1,15.111,13.198,1.5813,5.0924
278.82,0.053272,0.028023,0.05351,1,15.153,13.157,1.5833,5.0841
278.82,0.036231,0.026888,0.047567,1,15.194,13.117,1.5855,5.0759
278.83,0.020405,0.025764,0.041954,1,15.237,13.075,1.5881,5.0677
278.83,0.006427,0.024707,0.037027,1,15.279,13.034,1.5909,5.0597
278.84,-0.0062821,0.023711,0.032483,1,15.322,12.992,1.5941,5.0519
278.84,-0.0175,0.022826,0.028408,1,15.364,12.95,1.5976,5.0443
278.84,-0.027511,0.022026,0.024704,1,15.408,12.908,1.6014,5.0368
278.84,-0.036127,0.021346,0.021412,1,15.45,12.866,1.6056,5.0299
278.84,-0.043682,0.020769,0.018443,1,15.493,12.823,1.6101,5.0231
278.84,-0.05001,0.020301,0.015871,1,15.536,12.782,1.6148,5.0166
278.84,-0.055403,0.019938,0.013603,1,15.579,12.74,1.6199,5.0102
278.84,-0.059941,0.019673,0.011599,1,15.621,12.698,1.6252,5.0044
278.84,-0.063809,0.019488,0.0098032,1,15.663,12.657,1.6309,4.9987
278.84,-0.067094,0.019382,0.0082057,1,15.705,12.616,1.6369,4.993
278.84,-0.069835,0.019347,0.0067805,1,15.747,12.574,1.6434,4.9878
278.84,-0.072041,0.019375,0.005561,1,15.79,12.533,1.6502,4.9828
278.84,-0.073872,0.01946,0.0044796,1,15.832,12.491,1.6574,4.978
278.83,-0.075395,0.019589,0.0035064,1,15.874,12.45,1.665,4.9734
278.83,-0.076643,0.019755,0.0026375,1,15.916,12.409,1.6729,4.9691
278.83,-0.077632,0.019944,0.0018611,1,15.959,12.368,1.6812,4.9651
278.83,-0.078416,0.020156,0.00118,1,16,12.327,1.6897,4.9611
278.83,-0.079022,0.020384,0.00058751,1,16.042,12.286,1.6987,4.9575
278.83,-0.079516,0.020627,6.0499e-05,1,16.084,12.245,1.7079,4.954
278.83,-0.079919,0.020883,-0.0004104,1,16.126,12.205,1.7172,4.9506
278.83,-0.080241,0.021143,-0.00082792,1,16.167,12.165,1.7268,4.9472
278.83,-0.080451,0.021397,-0.0012045,1,16.209,12.125,1.7366,4.9442
278.82,-0.080599,0.021651,-0.0015294,1,16.25,12.085,1.7466,4.9412
278.82,-0.080721,0.021907,-0.0018187,1,16.291,12.045,1.7569,4.9386
278.82,-0.080826,0.022166,-0.0020773,1,16.332,12.006,1.7674,4.9359
278.82,-0.080901,0.022423,-0.002309,1,16.373,11.967,1.7782,4.9335
278.82,-0.080912,0.022666,-0.0025134,1,16.413,11.928,1.7893,4.9313
278.82,-0.080916,0.022908,-0.0026891,1,16.453,11.889,1.8005,4.9292
278.82,-0.080928,0.023156,-0.002847,1,16.493,11.851,1.8119,4.9272
278.82,-0.08095,0.023408,-0.0029877,1,16.534,11.812,1.8236,4.9252
278.82,-0.0809,0.023641,-0.0031101,1,16.574,11.773,1.8353,4.9233
278.82,-0.080846,0.023869,-0.0032119,1,16.614,11.736,1.8472,4.9216
278.81,-0.080806,0.024102,-0.0033006,1,16.654,11.698,1.8593,4.9198
278.81,-0.080781,0.024338,-0.0033768,1,16.694,11.66,1.8715,4.9179
278.81,-0.08071,0.024559,-0.0034401,1,16.733,11.622,1.8836,4.9159
278.81,-0.080617,0.024773,-0.0034899,1,16.773,11.584,1.8958,4.9138
278.81,-0.080537,0.024985,-0.0035294,1,16.813,11.547,1.9081,4.9117
278.81,-0.080466,0.0252,-0.0035613,1,16.852,11.509,1.9205,4.9094
278.81,-0.080346,0.025396,-0.0035833,1,16.892,11.472,1.9328,4.9069
278.81,-0.08019,0.025574,-0.0035955,1,16.931,11.435,1.9451,4.9044
278.81,-0.080025,0.025743,-0.0036017,1,16.97,11.398,1.9575,4.9019
278.8,-0.079853,0.025903,-0.0036034,1,17.009,11.361,1.9698,4.8992
278.8,-0.079624,0.026039,-0.003598,1,17.047,11.325,1.9821,4.8967
278.8,-0.079311,0.026136,-0.0035849,1,17.085,11.289,1.9944,4.8941
278.8,-0.078966,0.026213,-0.0035691,1,17.123,11.253,2.0067,4.8914
278.8,-0.078575,0.026267,-0.0035519,1,17.161,11.217,2.019,4.8884
278.8,-0.078069,0.026275,-0.0035292,1,17.199,11.181,2.0312,4.8854
278.8,-0.077412,0.026219,-0.0035003,1,17.238,11.145,2.0435,4.8823
278.8,-0.076666,0.026121,-0.0034704,1,17.276,11.109,2.0557,4.8792
278.79,-0.075802,0.025973,-0.0034419,1,17.314,11.073,2.068,4.8758
278.79,-0.0747,0.025714,-0.0034063,1,17.352,11.037,2.0803,4.8725
278.79,-0.073369,0.025374,-0.0033673,1,17.39,11.001,2.0926,4.869
278.79,-0.071849,0.024956,-0.0033305,1,17.428,10.965,2.1048,4.8655
278.79,-0.07009,0.024425,-0.0032937,1,17.466,10.93,2.1168,4.8619
278.79,-0.067967,0.023727,-0.0032399,1,17.503,10.895,2.1289,4.8585
278.79,-0.065505,0.022938,-0.0031784,1,17.541,10.859,2.141,4.8551
278.78,-0.062721,0.022037,-0.0031159,1,17.578,10.824,2.1531,4.8517
278.78,-0.059382,0.020845,-0.0030295,1,17.615,10.789,2.1651,4.8481
278.78,-0.055587,0.019485,-0.0029227,1,17.652,10.755,2.1771,4.8448
278.78,-0.051283,0.018027,-0.0028012,1,17.689,10.72,2.1892,4.8414
278.78,-0.046254,0.016243,-0.0026348,1,17.726,10.685,2.2013,4.838
278.78,-0.040525,0.014159,-0.0024269,1,17.763,10.65,2.2134,4.8346
278.78,-0.034037,0.011805,-0.0021975,1,17.8,10.615,2.2256,4.8311
278.77,-0.026715,0.0092522,-0.0019406,1,17.838,10.579,2.2378,4.8275
278.77,-0.018424,0.0062596,-0.001604,1,17.875,10.545,2.2498,4.8238
278.77,-0.009265,0.0029787,-0.0012305,1,17.912,10.509,2.2619,4.8202
278.77,0.00076231,-0.00058073,-0.00081982,1,17.95,10.475,2.274,4.8165
278.77,0.012103,-0.0046133,-0.0002954,1,17.987,10.439,2.286,4.8127
278.77,0.024546,-0.0089961,0.00029835,1,18.024,10.404,2.298,4.8089
278.77,0.037851,-0.013618,0.0009395,1,18.061,10.369,2.3099,4.8051
278.77,0.052565,-0.01881,0.0017375,1,18.098,10.334,2.3218,4.8013
278.77,0.068439,-0.024289,0.0026541,1,18.136,10.299,2.3337,4.7975
278.77,0.085323,-0.029985,0.0036462,1,18.173,10.264,2.3456,4.7937
278.78,0.1036,-0.03616,0.0047616,1,18.211,10.229,2.3576,4.7897
278.78,0.12331,-0.042895,0.0060652,1,18.248,10.193,2.3695,4.7856
278.78,0.14397,-0.049804,0.0074829,1,18.286,10.157,2.3814,4.7816
278.78,0.16541,-0.056824,0.009009,1,18.324,10.121,2.3932,4.7775
278.79,0.18785,-0.064183,0.010729,1,18.363,10.085,2.4051,4.7733
278.8,0.21073,-0.07159,0.012635,1,18.4,10.05,2.4169,4.7692
278.8,0.23402,-0.079048,0.014687,1,18.439,10.014,2.4286,4.7652
278.81,0.25753,-0.086508,0.01682,1,18.477,9.9771,2.4404,4.7609
278.82,0.28089,-0.093806,0.019155,1,18.515,9.9407,2.452,4.7566
278.83,0.30411,-0.10094,0.021565,1,18.554,9.9041,2.4635,4.7521
278.85,0.32664,-0.10775,0.024094,1,18.592,9.8678,2.4749,4.7476
278.86,0.34754,-0.114,0.026712,1,18.631,9.8315,2.4863,4.7431
278.88,0.36711,-0.11956,0.0294,1,18.669,9.7948,2.4977,4.7386
278.9,0.38517,-0.12453,0.032166,1,18.708,9.7581,2.509,4.7341
278.92,0.40152,-0.12886,0.034985,1,18.747,9.7214,2.5204,4.7296
278.95,0.41472,-0.13197,0.037714,1,18.786,9.6846,2.5317,4.7251
278.97,0.42491,-0.13403,0.04039,1,18.825,9.6469,2.5433,4.7206
279.01,0.4324,-0.13515,0.043,1,18.865,9.6092,2.5551,4.7161
279.04,0.43699,-0.13527,0.045504,1,18.905,9.5712,2.567,4.7118
279.08,0.43748,-0.13386,0.047661,1,18.946,9.5328,2.579,4.7075
279.11,0.43386,-0.13131,0.049445,1,18.986,9.4942,2.5912,4.7034
279.15,0.42695,-0.12773,0.050924,1,19.027,9.4551,2.6036,4.6993
279.2,0.41681,-0.12317,0.052028,1,19.069,9.4159,2.616,4.6954
279.24,0.40319,-0.11762,0.052671,1,19.111,9.3763,2.6286,4.6916
279.28,0.38592,-0.11107,0.052677,1,19.152,9.3372,2.641,4.6878
279.32,0.36637,-0.10397,0.052277,1,19.193,9.298,2.6536,4.6842
279.36,0.34501,-0.096478,0.051483,1,19.234,9.259,2.6661,4.6807
279.39,0.32174,-0.088585,0.05029,1,19.276,9.2197,2.6788,4.6773
279.43,0.2971,-0.080464,0.048639,1,19.316,9.1809,2.6913,4.674
279.46,0.27139,-0.072152,0.046627,1,19.358,9.1418,2.7039,4.6708
279.49,0.24576,-0.06402,0.044385,1,19.398,9.1032,2.7164,4.6677
279.52,0.21992,-0.055978,0.041915,1,19.439,9.0645,2.7289,4.6647
279.54,0.19429,-0.048088,0.039208,1,19.48,9.0261,2.7414,4.662
279.56,0.16924,-0.040564,0.036365,1,19.52,8.9876,2.7539,4.6593
279.58,0.14481,-0.033362,0.033442,1,19.561,8.9489,2.7666,4.6567
279.59,0.12117,-0.026458,0.030412,1,19.602,8.9101,2.7794,4.6543
279.61,0.098338,-0.019791,0.027281,1,19.643,8.8712,2.7924,4.6522
279.62,0.076895,-0.013703,0.024231,1,19.684,8.8323,2.8053,4.6501
279.63,0.056805,-0.0081189,0.021283,1,19.725,8.7935,2.8184,4.6482
279.63,0.037746,-0.0028073,0.018347,1,19.766,8.7544,2.8316,4.6465
279.64,0.019836,0.0022168,0.015505,1,19.808,8.7152,2.8449,4.6449
279.64,0.0033636,0.006782,0.012847,1,19.849,8.6764,2.8581,4.6434
279.64,-0.01177,0.010848,0.010407,1,19.89,8.6374,2.8715,4.6421
279.65,-0.025788,0.014717,0.0081012,1,19.931,8.5986,2.8849,4.6409
279.65,-0.038879,0.018373,0.00596,1,19.972,8.5595,2.8984,4.6399
279.65,-0.050926,0.021754,0.0040105,1,20.013,8.5209,2.9118,4.6392
279.65,-0.062048,0.024876,0.0023254,1,20.054,8.4822,2.9253,4.6385
279.64,-0.072548,0.027937,0.00083043,1,20.096,8.4431,2.9391,4.6378
279.64,-0.082509,0.030914,-0.00048091,1,20.137,8.404,2.9529,4.6375
279.64,-0.092159,0.033889,-0.001598,1,20.179,8.3646,2.9669,4.6372
279.64,-0.10153,0.036881,-0.0025119,1,20.221,8.325,2.981,4.6371
279.63,-0.11064,0.039915,-0.0031538,1,20.263,8.2855,2.9952,4.637
279.63,-0.11985,0.043121,-0.0036149,1,20.305,8.2461,3.0093,4.6372
279.62,-0.12928,0.046553,-0.0038776,1,20.347,8.2069,3.0235,4.6375
279.62,-0.13898,0.050138,-0.0039355,1,20.388,8.1676,3.0377,4.6378
279.61,-0.14942,0.054117,-0.0037748,1,20.431,8.1279,3.0522,4.6382
279.6,-0.16082,0.058691,-0.0033935,1,20.473,8.0884,3.0666,4.6388
279.59,-0.17327,0.06377,-0.0027941,1,20.515,8.0488,3.0811,4.6394
279.58,-0.18695,0.069328,-0.00196,1,20.557,8.0091,3.0956,4.6401
279.57,-0.20239,0.075702,-0.00085019,1,20.599,7.9694,3.1102,4.6406
279.55,-0.21996,0.08321,0.00051855,1,20.641,7.9301,3.1247,4.6413
279.54,-0.23993,0.091593,0.0022159,1,20.684,7.8905,3.1394,4.6422
279.51,-0.26322,0.10146,0.0042825,1,20.726,7.8507,3.1543,4.643
279.48,-0.29005,0.11299,0.006679,1,20.768,7.8113,3.169,4.644
279.45,-0.32089,0.12589,0.0094774,1,20.81,7.7718,3.1839,4.6452
279.41,-0.35699,0.14113,0.012793,1,20.852,7.7329,3.1987,4.6465
279.35,-0.40064,0.16006,0.016767,1,20.894,7.6937,3.2137,4.648
279.27,-0.4523,0.18255,0.021519,1,20.936,7.6544,3.2288,4.6494
279.18,-0.51225,0.20732,0.026998,1,20.978,7.6155,3.2438,4.651
279.06,-0.58513,0.23777,0.033459,1,21.02,7.5766,3.259,4.6527
278.88,-0.67796,0.27936,0.041814,1,21.062,7.5372,3.2743,4.6544
278.64,-0.78748,0.32552,0.051624,1,21.104,7.4981,3.2896,4.6562
278.31,-0.92584,0.38418,0.063494,1,21.146,7.4586,3.3051,4.6582
277.85,-1.099,0.45917,0.077417,1,21.188,7.4196,3.3204,4.6602
277.18,-1.3139,0.54986,0.094449,1,21.23,7.3807,3.3358,4.6624
276.15,-1.5905,0.66859,0.11695,1,21.272,7.3422,3.3511,4.6644
274.59,-1.9515,0.82852,0.14799,1,21.313,7.3038,3.3663,4.6665
272.31,-2.3986,1.0229,0.19044,1,21.354,7.2658,3.3814,4.6686
268.84,-2.9584,1.2531,0.25078,1,21.395,7.2281,3.3964,4.6707
262.99,-3.7195,1.586,0.34924,1,21.435,7.1906,3.4113,4.673
253.94,-4.693,2.0257,0.45961,1,21.475,7.1533,3.4262,4.6753
241.04,-5.6645,2.4283,0.54655,1,21.516,7.116,3.4412,4.6775
222.52,-6.8045,2.8857,0.6773,1,21.556,7.0788,3.4561,4.6798
196.55,-8.0528,3.2577,0.85826,1,21.596,7.0417,3.4711,4.6823
165.99,-8.797,3.4294,0.80886,1,21.636,7.0048,3.4861,4.6848
132.03,-9.3434,3.5548,0.59033,1,21.675,6.9681,3.501,4.6874
97.794,-9.8459,3.9303,0.46745,1,21.715,6.9313,3.516,4.6898
67.37,-9.6857,3.9179,0.35157,1,21.755,6.8946,3.5309,4.6924
43.623,-8.8625,3.5974,0.24636,1,21.794,6.8581,3.5457,4.6948
27.032,-8.1077,3.2751,0.19464,1,21.834,6.8217,3.5604,4.6973
18.254,-7.2616,2.9459,0.2506,1,21.872,6.7859,3.575,4.6998
12.415,-5.9446,2.4365,0.25239,1,21.911,6.7503,3.5896,4.7023
8.9432,-4.8904,2.0266,0.23465,1,21.95,6.7142,3.6043,4.7048
6.7427,-4.0962,1.7032,0.20973,1,21.989,6.6783,3.6189,4.7072
5.0914,-3.3894,1.4027,0.18061,1,22.028,6.6419,3.6336,4.7095
3.8382,-2.7852,1.146,0.15292,1,22.067,6.6058,3.6483,4.7118
2.9649,-2.3164,0.95381,0.12995,1,22.106,6.5699,3.6629,4.7141
2.3746,-1.9512,0.80987,0.11154,1,22.145,6.5342,3.6774,4.7165
1.9014,-1.628,0.67289,0.093546,1,22.184,6.498,3.692,4.7186
1.5487,-1.374,0.56785,0.078531,1,22.223,6.462,3.7064,4.7208
1.2844,-1.1723,0.48526,0.065255,1,22.262,6.426,3.7209,4.7226
1.0885,-1.0072,0.41708,0.055374,1,22.3,6.3902,3.7352,4.7246
0.93067,-0.86726,0.35812,0.04665,1,22.339,6.3545,3.7495,4.7266
0.8081,-0.75323,0.31054,0.03938,1,22.377,6.3188,3.7637,4.7285
0.71667,-0.66214,0.27342,0.033721,1,22.415,6.2836,3.7777,4.7304
0.64261,-0.58351,0.23993,0.028862,1,22.453,6.2485,3.7917,4.7323
0.58274,-0.51749,0.21198,0.024483,1,22.491,6.2133,3.8056,4.7339
0.53477,-0.46207,0.18897,0.020717,1,22.529,6.1778,3.8196,4.7354
0.49708,-0.41551,0.16974,0.017707,1,22.567,6.1427,3.8335,4.737
0.46545,-0.37504,0.15258,0.014992,1,22.604,6.108,3.8472,4.7384
0.43901,-0.34006,0.13788,0.012614,1,22.642,6.0732,3.8611,4.7399
0.41812,-0.31089,0.12635,0.010673,1,22.679,6.0384,3.8749,4.7414
0.39985,-0.28442,0.11511,0.0088439,1,22.716,6.0036,3.8887,4.7427
0.38437,-0.26143,0.10541,0.0072102,1,22.754,5.9691,3.9025,4.744
0.37156,-0.24167,0.097425,0.0057445,1,22.791,5.9344,3.9163,4.7451
0.36059,-0.22426,0.090331,0.0044645,1,22.828,5.8996,3.9301,4.7463
0.35073,-0.20825,0.083562,0.0031834,1,22.866,5.8643,3.9441,4.7472
0.34244,-0.1945,0.077885,0.0020547,1,22.904,5.8296,3.9579,4.748
0.33541,-0.18262,0.073152,0.0010445,1,22.941,5.7949,3.9716,4.7487
0.32898,-0.17161,0.068527,3.2635e-05,1,22.979,5.7596,3.9854,4.749
0.32334,-0.16189,0.064399,-0.00089534,1,23.016,5.7249,3.999,4.7491
0.31852,-0.15351,0.061046,-0.0017285,1,23.054,5.6902,4.0125,4.7492
0.31423,-0.14613,0.058049,-0.0025089,1,23.09,5.6561,4.0258,4.7491
0.31027,-0.13928,0.055121,-0.0032553,1,23.127,5.622,4.039,4.7489
0.30679,-0.13333,0.052703,-0.0039372,1,23.163,5.5881,4.0522,4.7485
0.30359,-0.128,0.050535,-0.0045986,1,23.2,5.5541,4.0654,4.748
0.30062,-0.12315,0.04852,-0.0052306,1,23.236,5.52,4.0786,4.7474
0.29791,-0.11879,0.046713,-0.0058373,1,23.272,5.4861,4.0917,4.7465
0.29541,-0.11492,0.045126,-0.0064213,1,23.309,5.4523,4.1047,4.7455
0.29304,-0.11142,0.043682,-0.0069913,1,23.345,5.4185,4.1177,4.7444
0.29081,-0.10825,0.042387,-0.0075704,1,23.382,5.3844,4.1308,4.7427
0.2887,-0.10537,0.041197,-0.0081343,1,23.418,5.3503,4.1439,4.7408
0.28668,-0.10277,0.040118,-0.0086912,1,23.455,5.3162,4.1571,4.7387
0.28475,-0.10046,0.039179,-0.0092431,1,23.491,5.2819,4.1703,4.7365
0.2829,-0.09834,0.038317,-0.0097868,1,23.528,5.2477,4.1836,4.7342
0.2811,-0.096407,0.037511,-0.010328,1,23.565,5.2134,4.1968,4.7317
0.27935,-0.094667,0.036794,-0.010886,1,23.602,5.1789,4.2102,4.7287
0.27765,-0.09313,0.036182,-0.011449,1,23.64,5.1442,4.2236,4.7255
0.27597,-0.091653,0.035565,-0.012007,1,23.677,5.1094,4.237,4.7222
0.27431,-0.090301,0.034999,-0.01258,1,23.715,5.0742,4.2506,4.7185
0.2727,-0.089123,0.034527,-0.013165,1,23.753,5.0393,4.264,4.7143
0.2711,-0.08805,0.03409,-0.013761,1,23.79,5.0043,4.2775,4.7098
0.2695,-0.087023,0.033657,-0.014372,1,23.829,4.9688,4.2911,4.7047
0.26792,-0.086111,0.033283,-0.014993,1,23.867,4.9334,4.3047,4.6995
0.26635,-0.085292,0.032952,-0.015639,1,23.906,4.8977,4.3184,4.6936
0.26478,-0.084523,0.032634,-0.016289,1,23.944,4.862,4.3321,4.6877
0.26323,-0.083808,0.032335,-0.016947,1,23.983,4.8264,4.3458,4.6815
0.26169,-0.08316,0.032074,-0.017627,1,24.022,4.7907,4.3596,4.675
0.26014,-0.082548,0.031827,-0.018317,1,24.061,4.755,4.3734,4.6679
0.2586,-0.081943,0.031575,-0.019014,1,24.1,4.7192,4.3873,4.6606
0.25708,-0.08139,0.031351,-0.019719,1,24.138,4.6839,4.4009,4.653
0.25556,-0.080887,0.031148,-0.020446,1,24.177,4.6485,4.4146,4.6449
0.25402,-0.080414,0.030956,-0.021195,1,24.216,4.6128,4.4284,4.6362
0.25248,-0.07994,0.030761,-0.021951,1,24.256,4.5771,4.4422,4.6273
0.25094,-0.079471,0.030574,-0.02272,1,24.295,4.5413,4.456,4.6179
0.24937,-0.079027,0.030396,-0.02352,1,24.335,4.5051,4.47,4.6077
0.24782,-0.07859,0.03022,-0.024322,1,24.375,4.4691,4.4839,4.5972
0.24625,-0.078162,0.030048,-0.025141,1,24.416,4.4331,4.4978,4.5861
0.24469,-0.077761,0.029889,-0.025972,1,24.456,4.3973,4.5117,4.5747
0.24313,-0.077349,0.029725,-0.026811,1,24.496,4.3614,4.5255,4.5629
0.24155,-0.076913,0.029552,-0.027653,1,24.536,4.3255,4.5395,4.5508
0.23998,-0.076492,0.029386,-0.028505,1,24.577,4.2897,4.5533,4.5383
0.23841,-0.076103,0.029233,-0.029381,1,24.617,4.2539,4.5671,4.5251
0.23683,-0.075677,0.029065,-0.030248,1,24.658,4.2184,4.5809,4.5116
0.23526,-0.075239,0.028894,-0.031115,1,24.698,4.183,4.5946,4.4978
0.23367,-0.074824,0.028731,-0.032005,1,24.739,4.1474,4.6083,4.4832
0.23208,-0.074413,0.028571,-0.032902,1,24.78,4.1121,4.6219,4.4683
0.23051,-0.073967,0.028397,-0.033783,1,24.82,4.0771,4.6354,4.453
0.22893,-0.073523,0.028225,-0.034664,1,24.86,4.0423,4.6488,4.4375
0.22736,-0.073095,0.028058,-0.035555,1,24.901,4.0076,4.6621,4.4217
0.22577,-0.072652,0.027887,-0.036456,1,24.941,3.9729,4.6754,4.4052
0.2242,-0.072183,0.027705,-0.037331,1,24.982,3.9387,4.6885,4.3884
0.22261,-0.071726,0.027529,-0.038228,1,25.023,3.9044,4.7016,4.3707
0.22103,-0.071264,0.027351,-0.039119,1,25.063,3.8706,4.7145,4.3529
0.21945,-0.070812,0.027177,-0.040019,1,25.103,3.8368,4.7274,4.3343
0.21786,-0.070323,0.026988,-0.040901,1,25.144,3.8033,4.7402,4.3152
0.21626,-0.069839,0.026802,-0.041793,1,25.185,3.77,4.7529,4.2957
0.21467,-0.069374,0.026624,-0.042689,1,25.225,3.7369,4.7655,4.2758
0.21307,-0.068872,0.026431,-0.043565,1,25.266,3.704,4.7781,4.2556
0.21147,-0.068369,0.026238,-0.044444,1,25.307,3.6713,4.7906,4.2349
0.20989,-0.06786,0.026043,-0.045304,1,25.347,3.6391,4.8029,4.214
0.2083,-0.067357,0.02585,-0.046166,1,25.387,3.6073,4.8152,4.1927
0.20671,-0.066874,0.025666,-0.047044,1,25.427,3.5756,4.8273,4.1708
0.20513,-0.066326,0.025456,-0.047867,1,25.468,3.5443,4.8394,4.1489
0.20355,-0.06582,0.025263,-0.048714,1,25.508,3.5134,4.8513,4.1264
0.20194,-0.065288,0.02506,-0.04956,1,25.548,3.4825,4.8632,4.1031
0.20035,-0.064778,0.024865,-0.050405,1,25.588,3.4519,4.875,4.0797
0.19875,-0.064231,0.024656,-0.051216,1,25.628,3.4218,4.8866,4.056
0.19715,-0.063689,0.02445,-0.052031,1,25.669,3.3918,4.8981,4.0316
0.19555,-0.063145,0.024242,-0.052841,1,25.709,3.3622,4.9096,4.007
0.19395,-0.062616,0.024041,-0.053653,1,25.749,3.3328,4.9209,3.9824
0.19232,-0.062046,0.023824,-0.054445,1,25.79,3.3033,4.9322,3.9567
0.1907,-0.061488,0.023612,-0.055242,1,25.83,3.274,4.9435,3.9311
0.18909,-0.060914,0.023394,-0.056002,1,25.87,3.2454,4.9545,3.9051
0.18747,-0.06037,0.023187,-0.056787,1,25.911,3.2171,4.9654,3.8788
0.18587,-0.059812,0.022975,-0.057541,1,25.95,3.1895,4.976,3.8521
0.18427,-0.059253,0.022763,-0.058276,1,25.99,3.1622,4.9865,3.8255
0.18266,-0.058671,0.022542,-0.058999,1,26.03,3.1351,4.9969,3.7984
0.18105,-0.058109,0.022329,-0.059727,1,26.069,3.1082,5.0073,3.7709
0.17944,-0.057547,0.022116,-0.06045,1,26.109,3.082,5.0173,3.743
0.17784,-0.056986,0.021903,-0.061154,1,26.148,3.056,5.0273,3.7151
0.17622,-0.056409,0.021685,-0.061849,1,26.188,3.0304,5.0371,3.6865
0.17461,-0.055827,0.021464,-0.062518,1,26.227,3.0051,5.0468,3.6579
0.173,-0.055266,0.021251,-0.063204,1,26.267,2.98,5.0564,3.6292
0.1714,-0.054687,0.021032,-0.063852,1,26.306,2.9554,5.0658,3.6004
0.1698,-0.054138,0.020824,-0.064523,1,26.345,2.9311,5.0751,3.5714
0.16819,-0.05354,0.020597,-0.065134,1,26.384,2.907,5.0843,3.5421
0.16659,-0.052967,0.02038,-0.065756,1,26.423,2.8834,5.0934,3.5128
0.16499,-0.052396,0.020164,-0.066368,1,26.461,2.8603,5.1023,3.483
0.16339,-0.051825,0.019948,-0.06697,1,26.5,2.8374,5.111,3.4533
0.1618,-0.051269,0.019737,-0.06758,1,26.538,2.8148,5.1197,3.4233
0.1602,-0.050693,0.019519,-0.068153,1,26.577,2.7927,5.1282,3.3931
0.1586,-0.050123,0.019302,-0.068728,1,26.615,2.7708,5.1366,3.3626
0.15699,-0.049542,0.019082,-0.069277,1,26.654,2.7491,5.1449,3.3319
0.15537,-0.04897,0.018865,-0.069841,1,26.692,2.7276,5.1531,3.3009
0.15376,-0.0484,0.018649,-0.07038,1,26.731,2.7065,5.1612,3.2699
0.15215,-0.047834,0.018434,-0.070921,1,26.769,2.6856,5.1693,3.2388
0.15056,-0.047276,0.018222,-0.071444,1,26.807,2.6654,5.1771,3.2078
0.14898,-0.046712,0.018008,-0.071939,1,26.844,2.6456,5.1847,3.1767
0.14738,-0.04615,0.017794,-0.072438,1,26.882,2.6259,5.1923,3.1454
0.1458,-0.045589,0.017581,-0.072914,1,26.92,2.6069,5.1995,3.1138
0.14421,-0.04504,0.017372,-0.073402,1,26.957,2.5882,5.2068,3.0821
0.14262,-0.044493,0.017163,-0.073882,1,26.995,2.5698,5.2139,3.0504
0.14102,-0.043943,0.016953,-0.074347,1,27.032,2.5515,5.221,3.0184
0.13942,-0.043392,0.016743,-0.07481,1,27.07,2.5333,5.2279,2.9861
0.13781,-0.042831,0.016528,-0.075242,1,27.107,2.5154,5.2348,2.9537
0.13621,-0.042275,0.016316,-0.07567,1,27.145,2.4978,5.2416,2.9212
0.13459,-0.041724,0.016105,-0.076104,1,27.183,2.4804,5.2483,2.8885
0.13298,-0.041171,0.015893,-0.076517,1,27.22,2.4633,5.2548,2.8556
0.13136,-0.040625,0.015684,-0.076932,1,27.258,2.4465,5.2613,2.8226
0.12974,-0.040083,0.015476,-0.077351,1,27.296,2.4299,5.2677,2.7894
0.12812,-0.039539,0.015266,-0.077748,1,27.333,2.4136,5.274,2.7561
0.1265,-0.03899,0.015055,-0.078126,1,27.371,2.3975,5.2802,2.7226
0.12487,-0.038443,0.014845,-0.078502,1,27.409,2.3816,5.2863,2.689
0.12324,-0.037896,0.014634,-0.078863,1,27.446,2.366,5.2923,2.6552
0.12161,-0.037352,0.014425,-0.079217,1,27.484,2.3507,5.2982,2.6213
0.11997,-0.036813,0.014217,-0.079575,1,27.522,2.3355,5.304,2.5873
0.11833,-0.036278,0.01401,-0.079931,1,27.559,2.3206,5.3098,2.5531
0.11669,-0.03574,0.013803,-0.080264,1,27.597,2.306,5.3154,2.5188
0.11504,-0.035208,0.013597,-0.080603,1,27.635,2.2915,5.321,2.4844
0.1134,-0.034681,0.013394,-0.080945,1,27.673,2.2773,5.3265,2.4498
0.11175,-0.034141,0.013185,-0.08124,1,27.71,2.2634,5.3319,2.4151
0.1101,-0.033605,0.012978,-0.081535,1,27.748,2.2496,5.3372,2.3803
0.10844,-0.033075,0.012773,-0.081835,1,27.786,2.2361,5.3424,2.3454
0.10678,-0.032551,0.01257,-0.082139,1,27.824,2.2227,5.3476,2.3103
0.10512,-0.032022,0.012365,-0.082414,1,27.862,2.2096,5.3527,2.2752
0.10346,-0.031495,0.012162,-0.082688,1,27.9,2.1967,5.3577,2.2399
0.10179,-0.030978,0.011961,-0.082974,1,27.938,2.184,5.3626,2.2045
0.10012,-0.030464,0.011762,-0.083258,1,27.976,2.1715,5.3674,2.169
0.098448,-0.029943,0.01156,-0.08351,1,28.013,2.1592,5.3722,2.1334
0.096773,-0.029424,0.01136,-0.08376,1,28.051,2.1471,5.3769,2.0977
0.095095,-0.028909,0.01116,-0.084008,1,28.089,2.1352,5.3815,2.0619
0.093416,-0.028398,0.010962,-0.084259,1,28.128,2.1235,5.3861,2.026
0.091732,-0.027878,0.01076,-0.084469,1,28.166,2.112,5.3906,1.99
0.090047,-0.027365,0.010561,-0.084688,1,28.204,2.1007,5.395,1.9539
0.088359,-0.026859,0.010365,-0.084917,1,28.242,2.0895,5.3993,1.9177
0.086668,-0.026356,0.01017,-0.08515,1,28.28,2.0785,5.4036,1.8814
0.084974,-0.025849,0.0099727,-0.085355,1,28.318,2.0677,5.4078,1.845
0.083279,-0.025344,0.0097762,-0.085554,1,28.356,2.0571,5.412,1.8086
0.081582,-0.024844,0.0095816,-0.085761,1,28.395,2.0467,5.4161,1.772
0.079881,-0.024346,0.0093879,-0.085969,1,28.433,2.0364,5.4201,1.7354
0.078177,-0.023853,0.0091958,-0.086182,1,28.471,2.0263,5.4241,1.6987
0.076472,-0.02335,0.0089999,-0.08635,1,28.509,2.0164,5.428,1.6619
0.074767,-0.022849,0.0088047,-0.086514,1,28.548,2.0066,5.4318,1.6251
0.073056,-0.02235,0.0086101,-0.086677,1,28.586,1.997,5.4356,1.5882
0.071345,-0.021855,0.0084171,-0.086846,1,28.624,1.9875,5.4394,1.5512
0.069632,-0.021364,0.0082255,-0.087021,1,28.663,1.9782,5.4431,1.5141
0.067917,-0.02087,0.0080326,-0.087173,1,28.701,1.9691,5.4467,1.477
0.0662,-0.020375,0.0078391,-0.08731,1,28.74,1.96,5.4503,1.4399
0.064481,-0.019882,0.0076469,-0.087452,1,28.778,1.9512,5.4538,1.4026
0.062762,-0.019393,0.0074559,-0.087599,1,28.816,1.9424,5.4573,1.3653
0.06104,-0.018907,0.0072658,-0.087748,1,28.855,1.9339,5.4607,1.328
0.059316,-0.018422,0.0070762,-0.087896,1,28.893,1.9254,5.4641,1.2906
0.057592,-0.017932,0.0068849,-0.088012,1,28.932,1.9171,5.4674,1.2532
